NO_MUNICIPIO;N_ESCOLAS_REDES
Abadia de Goi?s;7
Abadia dos Dourados;6
Abadi?nia;7
Abaetetuba;170
Abaet?;12
Abaiara;15
Abar?;24
Abati?;2
Aba?ra;7
Abdon Batista;3
Abel Figueiredo;9
Abelardo Luz;12
Abre Campo;10
Abreu e Lima;32
Abreul?ndia;4
Acaiaca;3
Acajutiba;17
Acarape;10
Acara?;42
Acari;9
Acar?;149
Acau?;7
Acegu?;3
Acopiara;40
Acorizal;4
Acrel?ndia;6
Acre?na;9
Adamantina;15
Adel?ndia;2
Adolfo;3
Adrian?polis;8
Adustina;8
Afogados da Ingazeira;30
Afonso Bezerra;11
Afonso Cl?udio;35
Afonso Cunha;23
Afr?nio;11
Afu?;91
Agrestina;19
Agricol?ndia;3
Agrol?ndia;11
Agron?mica;6
Aguanil;5
Agua?;17
Agudo;10
Agudos;18
Agudos do Sul;5
Aguiar;9
Aguiarn?polis;2
Aimor?s;16
Aiquara;6
Aiuaba;19
Aiuruoca;3
Ajuricaba;5
Alagoa;2
Alagoa Grande;31
Alagoa Nova;35
Alagoinha;25
Alagoinha do Piau?;5
Alagoinhas;77
Alambari;6
Albertina;3
Alcantil;7
Alcin?polis;3
Alcoba?a;37
Alc?ntara;45
Alc?ntaras;16
Aldeias Altas;49
Alecrim;5
Alegre;21
Alegrete;33
Alegrete do Piau?;9
Alegria;2
Alenquer;110
Alexandria;9
Alex?nia;20
Alfenas;25
Alfredo Chaves;26
Alfredo Marcondes;2
Alfredo Vasconcelos;6
Alfredo Wagner;7
Algod?o de Janda?ra;7
Alhandra;20
Alian?a;18
Alian?a do Tocantins;3
Almadina;11
Almas;8
Almeirim;73
Almenara;28
Almino Afonso;5
Almirante Tamandar?;53
Almirante Tamandar? do Sul;3
Alo?ndia;1
Alpercata;9
Alpestre;5
Alpin?polis;8
Alta Floresta;18
Alta Floresta D'Oeste;17
Altair;3
Altamira;152
Altamira do Maranh?o;15
Altamira do Paran?;2
Altaneira;6
Alterosa;6
Altinho;22
Altin?polis;10
Alto Alegre;23
Alto Alegre do Maranh?o;30
Alto Alegre do Pindar?;55
Alto Alegre dos Parecis;9
Alto Araguaia;9
Alto Bela Vista;1
Alto Boa Vista;2
Alto Capara?;3
Alto Feliz;3
Alto Gar?as;5
Alto Horizonte;4
Alto Jequitib?;10
Alto Long?;25
Alto Paraguai;4
Alto Paran?;10
Alto Para?so;10
Alto Para?so de Goi?s;7
Alto Parna?ba;32
Alto Piquiri;10
Alto Rio Doce;8
Alto Rio Novo;10
Alto Santo;11
Alto Taquari;2
Alto do Rodrigues;11
Altos;51
Alt?nia;8
Alum?nio;12
Alvarenga;6
Alvar?es;56
Alvinl?ndia;3
Alvin?polis;4
Alvorada;36
Alvorada D'Oeste;10
Alvorada de Minas;5
Alvorada do Gurgu?ia;7
Alvorada do Norte;6
Alvorada do Sul;5
Al?m Para?ba;14
Amajari;24
Amambai;19
Amapor?;4
Amap?;14
Amap? do Maranh?o;14
Amaraji;22
Amaral Ferrador;5
Amaralina;5
Amarante;20
Amarante do Maranh?o;71
Amargosa;35
Amatur?;22
Americana;51
Americano do Brasil;2
Ametista do Sul;5
Amontada;63
Amorin?polis;3
Amparo;29
Amparo de S?o Francisco;6
Amparo do Serra;3
Amp?re;12
Am?lia Rodrigues;25
Am?rica Dourada;24
Am?rico Brasiliense;14
Am?rico de Campos;4
Anadia;18
Anag?;35
Anahy;3
Anajatuba;39
Anaj?s;104
Anal?ndia;2
Anam?;22
Ananindeua;85
Anan?s;5
Anapu;54
Anapurus;27
Anast?cio;15
Anauril?ndia;3
Anchieta;46
Andara?;16
Andir?;13
Andorinha;22
Andradas;15
Andradina;30
Andrel?ndia;5
Andr? da Rocha;1
Angatuba;11
Angelim;12
Angelina;8
Angel?ndia;2
Angical;25
Angical do Piau?;8
Angico;2
Angicos;6
Angra dos Reis;76
Anguera;22
Ang?lica;5
Anhanguera;2
Anhembi;5
Anhumas;3
Anicuns;8
Anita Garibaldi;6
Anit?polis;2
Anori;15
Anta Gorda;4
Antas;21
Antonina;11
Antonina do Norte;6
Ant?nio Almeida;4
Ant?nio Cardoso;23
Ant?nio Carlos;18
Ant?nio Dias;14
Ant?nio Gon?alves;21
Ant?nio Jo?o;6
Ant?nio Martins;17
Ant?nio Olinto;5
Ant?nio Prado;5
Ant?nio Prado de Minas;2
An?polis;100
An?sio de Abreu;11
Aparecida;37
Aparecida d'Oeste;2
Aparecida de Goi?nia;96
Aparecida do Rio Doce;2
Aparecida do Rio Negro;2
Aparecida do Taboado;9
Aperib?;8
Apiac?;7
Apiac?s;5
Apia?;15
Apicum-A?u;23
Api?na;11
Apodi;25
Apor?;20
Apuarema;10
Apucarana;58
Apuiar?s;21
Apu?;10
Aquidab?;25
Aquidauana;23
Aquiraz;54
Arabut?;4
Aracaju;75
Aracati;50
Aracatu;17
Araci;60
Aracitaba;1
Aracoiaba;20
Aracruz;48
Aragar?as;8
Aragoi?nia;5
Aragominas;3
Araguacema;7
Araguaiana;3
Araguainha;1
Araguan?;25
Araguapaz;6
Araguari;35
Araguatins;21
Aragua?na;77
Aragua?u;5
Araioses;72
Aral Moreira;8
Aramari;16
Arambar?;3
Arame;77
Aramina;4
Arandu;5
Arantina;3
Arape?;2
Arapiraca;88
Arapoema;3
Araponga;7
Arapongas;45
Arapor?;5
Arapoti;10
Araputanga;6
Arapu?;8
Araquari;26
Arara;14
Ararangu?;33
Araraquara;65
Araras;47
Ararend?;10
Arari;57
Araric?;7
Araripe;24
Araripina;54
Araruama;84
Araruna;33
Arataca;21
Aratiba;6
Aratuba;11
Aratu?pe;21
Arauc?ria;76
Arau?;18
Arax?;39
Ara?agi;21
Ara?ariguama;19
Ara?atuba;67
Ara?a?;3
Ara?jos;3
Ara?oiaba;10
Ara?oiaba da Serra;24
Ara?u;1
Ara?ua?;23
Ara??s;18
Arceburgo;3
Arco-?ris;1
Arcos;13
Arcoverde;28
Areado;6
Areal;13
Arealva;7
Areia;18
Areia Branca;38
Areia de Bara?nas;5
Areial;8
Areias;4
Arei?polis;7
Aren?polis;7
Argirita;2
Aricanduva;5
Arinos;15
Aripuan?;15
Ariquemes;27
Ariranha;5
Ariranha do Iva?;2
Armaz?m;10
Arma??o dos B?zios;24
Arneiroz;8
Aroazes;11
Aroeiras;34
Aroeiras do Itaim;8
Arraial;7
Arraial do Cabo;13
Arraias;13
Arroio Grande;9
Arroio Trinta;2
Arroio do Meio;13
Arroio do Padre;4
Arroio do Sal;6
Arroio do Tigre;12
Arroio dos Ratos;7
Artur Nogueira;24
Aruan?;3
Aruj?;39
Arvoredo;3
Arvorezinha;4
Ar?s;11
Ascurra;4
Asp?sia;1
Assar?;14
Assa?;9
Assis;32
Assis Brasil;38
Assis Chateaubriand;20
Assun??o;8
Assun??o do Piau?;14
Astolfo Dutra;3
Astorga;15
Atalaia;32
Atalaia do Norte;68
Atalanta;5
Atal?ia;12
Atibaia;47
At?lio Vivacqua;14
Augustin?polis;16
Augusto Corr?a;76
Augusto Pestana;4
Augusto de Lima;2
Aurelino Leal;24
Auriflama;7
Auril?ndia;1
Aurora;24
Aurora do Par?;70
Aurora do Tocantins;2
Autazes;46
Avanhandava;7
Avar?;39
Ava?;3
Aveiro;37
Avelino Lopes;7
Avelin?polis;1
Axix?;19
Axix? do Tocantins;22
A?ail?ndia;69
A?u;30
A?ucena;9
Baba?ul?ndia;7
Bacabal;106
Bacabeira;22
Bacuri;29
Bacurituba;18
Bady Bassitt;12
Baependi;11
Bagre;59
Bag?;61
Baian?polis;18
Baixa Grande;24
Baixa Grande do Ribeiro;14
Baixio;5
Baixo Guandu;38
Bai?o;65
Balbinos;3
Baldim;8
Baliza;2
Balne?rio Arroio do Silva;6
Balne?rio Barra do Sul;8
Balne?rio Cambori?;45
Balne?rio Gaivota;8
Balne?rio Pinhal;10
Balne?rio Pi?arras;10
Balne?rio Rinc?o;11
Balsa Nova;14
Balsas;60
Bambu?;9
Banabui?;16
Bananal;9
Bananeiras;32
Bandeira;5
Bandeira do Sul;2
Bandeirante;3
Bandeirantes;24
Bandeirantes do Tocantins;4
Bannach;7
Banza?;15
Bara?na;33
Barbacena;24
Barbalha;42
Barbosa;5
Barbosa Ferraz;7
Barcarena;101
Barcelona;7
Barcelos;48
Bariri;19
Barra;67
Barra Bonita;13
Barra D'Alc?ntara;7
Barra Funda;2
Barra Longa;12
Barra Mansa;64
Barra Velha;19
Barra da Estiva;26
Barra de Guabiraba;9
Barra de Santa Rosa;14
Barra de Santana;18
Barra de Santo Ant?nio;11
Barra de S?o Francisco;32
Barra de S?o Miguel;16
Barra do Bugres;15
Barra do Chap?u;13
Barra do Cho?a;44
Barra do Corda;108
Barra do Gar?as;33
Barra do Guarita;5
Barra do Jacar?;2
Barra do Mendes;20
Barra do Ouro;3
Barra do Pira?;38
Barra do Quara?;4
Barra do Ribeiro;5
Barra do Rio Azul;1
Barra do Rocha;14
Barra do Turvo;7
Barra dos Coqueiros;13
Barrac?o;16
Barras;42
Barreira;16
Barreiras;72
Barreiras do Piau?;10
Barreirinha;92
Barreirinhas;137
Barreiros;32
Barretos;50
Barrinha;19
Barro;22
Barro Alto;29
Barro Duro;5
Barro Preto;8
Barrocas;27
Barrol?ndia;3
Barroquinha;14
Barros Cassal;12
Barroso;11
Barueri;117
Bar?o;4
Bar?o de Antonina;3
Bar?o de Cocais;14
Bar?o de Cotegipe;2
Bar?o de Graja?;28
Bar?o de Melga?o;4
Bar?o de Monte Alto;11
Bar?o do Triunfo;5
Bastos;9
Bataguassu;6
Batalha;47
Batatais;19
Bataypor?;3
Baturit?;25
Bauru;82
Bayeux;37
Ba?a Formosa;7
Ba?a da Trai??o;14
Bebedouro;30
Beberibe;41
Bela Cruz;31
Bela Vista;17
Bela Vista da Caroba;2
Bela Vista de Goi?s;10
Bela Vista de Minas;3
Bela Vista do Maranh?o;19
Bela Vista do Para?so;6
Bela Vista do Piau?;6
Bela Vista do Toldo;8
Belford Roxo;87
Belmiro Braga;4
Belmonte;40
Belo Campo;36
Belo Horizonte;321
Belo Jardim;57
Belo Monte;14
Belo Oriente;12
Belo Vale;8
Belterra;48
Bel?gua;43
Bel?m;160
Bel?m de Maria;10
Bel?m do Brejo do Cruz;9
Bel?m do Piau?;9
Bel?m do S?o Francisco;16
Beneditinos;18
Benedito Leite;10
Benedito Novo;17
Benevides;34
Benjamin Constant;63
Benjamin Constant do Sul;2
Bento Fernandes;5
Bento Gon?alves;44
Bento de Abreu;3
Bequim?o;24
Berilo;16
Berizal;5
Bernardino Batista;11
Bernardino de Campos;8
Bernardo Say?o;5
Bernardo do Mearim;16
Bertioga;29
Bertol?nia;6
Bert?polis;4
Beruri;62
Betim;98
Bet?nia;19
Bet?nia do Piau?;6
Bezerros;36
Bias Fortes;7
Bicas;9
Bigua?u;22
Bilac;3
Biquinhas;3
Birigui;29
Biritiba Mirim;14
Biritinga;37
Bituruna;12
Blumenau;127
Boa Esperan?a;28
Boa Esperan?a do Igua?u;2
Boa Esperan?a do Sul;8
Boa Hora;15
Boa Nova;27
Boa Ventura;10
Boa Ventura de S?o Roque;8
Boa Viagem;69
Boa Vista;136
Boa Vista da Aparecida;9
Boa Vista das Miss?es;3
Boa Vista do Buric?;3
Boa Vista do Cadeado;3
Boa Vista do Gurupi;14
Boa Vista do Incra;2
Boa Vista do Ramos;42
Boa Vista do Sul;2
Boa Vista do Tupim;37
Boca da Mata;10
Boca do Acre;95
Bocaina;14
Bocaina de Minas;4
Bocaina do Sul;6
Bocai?va;25
Bocai?va do Sul;9
Bodoc?;43
Bodoquena;7
Bod?;6
Bofete;7
Boituva;32
Bom Conselho;38
Bom Despacho;16
Bom Jardim;139
Bom Jardim da Serra;3
Bom Jardim de Goi?s;1
Bom Jardim de Minas;5
Bom Jesus;37
Bom Jesus da Lapa;55
Bom Jesus da Penha;2
Bom Jesus da Serra;9
Bom Jesus das Selvas;51
Bom Jesus de Goi?s;12
Bom Jesus do Amparo;4
Bom Jesus do Araguaia;4
Bom Jesus do Galho;5
Bom Jesus do Itabapoana;34
Bom Jesus do Norte;8
Bom Jesus do Oeste;3
Bom Jesus do Sul;2
Bom Jesus do Tocantins;16
Bom Jesus dos Perd?es;10
Bom Lugar;20
Bom Princ?pio;13
Bom Princ?pio do Piau?;20
Bom Progresso;3
Bom Repouso;5
Bom Retiro;11
Bom Retiro do Sul;10
Bom Sucesso;13
Bom Sucesso de Itarar?;3
Bom Sucesso do Sul;2
Bombinhas;12
Bonfim;25
Bonfim do Piau?;7
Bonfin?polis;5
Bonfin?polis de Minas;5
Boninal;22
Bonito;97
Bonito de Minas;12
Bonito de Santa F?;17
Bon?polis;3
Boqueir?o;18
Boqueir?o do Le?o;13
Boqueir?o do Piau?;11
Boquim;16
Boquira;26
Borac?ia;4
Borba;144
Borborema;12
Borda da Mata;7
Borebi;3
Borraz?polis;4
Bor?;2
Bossoroca;6
Botelhos;10
Botucatu;51
Botumirim;8
Botupor?;30
Botuver?;5
Bozano;2
Braga;4
Braganey;6
Bragan?a;134
Bragan?a Paulista;72
Branquinha;17
Brasil Novo;34
Brasileira;7
Brasil?ia;36
Brasil?ndia;10
Brasil?ndia de Minas;5
Brasil?ndia do Sul;4
Brasil?ndia do Tocantins;3
Brasnorte;11
Bras?lia de Minas;18
Brazabrantes;3
Braz?polis;7
Bra?na;3
Bra?nas;3
Bra?o do Norte;22
Bra?o do Trombudo;7
Brejetuba;14
Brejinho;19
Brejinho de Nazar?;4
Brejo;65
Brejo Alegre;2
Brejo Grande;8
Brejo Grande do Araguaia;15
Brejo Santo;40
Brejo da Madre de Deus;48
Brejo de Areia;30
Brejo do Cruz;13
Brejo do Piau?;6
Brejo dos Santos;9
Brejol?ndia;12
Brej?es;12
Brej?o;18
Breu Branco;31
Breves;255
Brit?nia;4
Brochier;4
Brodowski;12
Brotas;12
Brotas de Maca?bas;32
Brumadinho;21
Brumado;35
Brun?polis;4
Brusque;51
Br?s Pires;4
Bueno Brand?o;3
Buenos Aires;15
Buen?polis;6
Buerarema;20
Bugre;2
Bujari;15
Bujaru;65
Buri;17
Buritama;8
Buriti;63
Buriti Alegre;6
Buriti Bravo;42
Buriti de Goi?s;2
Buriti do Tocantins;8
Buriti dos Lopes;24
Buriti dos Montes;9
Buriticupu;71
Buritin?polis;3
Buritirama;26
Buritirana;25
Buritis;32
Buritizal;4
Buritizeiro;19
Buti?;13
Bu?que;39
B?lsamo;3
Caapiranga;39
Caapor?;20
Caarap?;11
Caatiba;14
Cabaceiras;4
Cabaceiras do Paragua?u;29
Cabeceira Grande;5
Cabeceiras;6
Cabeceiras do Piau?;17
Cabedelo;31
Cabixi;4
Cabo Frio;93
Cabo Verde;11
Cabo de Santo Agostinho;88
Cabre?va;24
Cabrob?;23
Cabr?lia Paulista;2
Cacaul?ndia;4
Cacequi;9
Cachoeira;32
Cachoeira Alta;4
Cachoeira Dourada;7
Cachoeira Grande;27
Cachoeira Paulista;18
Cachoeira da Prata;2
Cachoeira de Goi?s;1
Cachoeira de Minas;5
Cachoeira de Paje?;8
Cachoeira do Arari;37
Cachoeira do Piri?;46
Cachoeira do Sul;39
Cachoeira dos ?ndios;5
Cachoeiras de Macacu;33
Cachoeirinha;45
Cachoeiro de Itapemirim;80
Cacimba de Areia;6
Cacimba de Dentro;23
Cacimbas;12
Cacimbinhas;9
Cacique Doble;4
Cacoal;24
Caconde;6
Cacul?;16
Caetanos;44
Caetan?polis;4
Caetit?;40
Caet?;17
Caet?s;16
Cafarnaum;17
Cafeara;2
Cafel?ndia;15
Cafezal do Sul;5
Caiabu;4
Caiana;12
Caiap?nia;10
Caibat?;4
Caibi;4
Caic?;31
Caieiras;38
Cairu;25
Caiu?;3
Cai?ara;12
Cai?ara do Norte;8
Cai?ara do Rio do Vento;3
Cajamar;37
Cajapi?;32
Cajari;56
Cajati;21
Cajazeiras;26
Cajazeiras do Piau?;9
Cajazeirinhas;8
Cajobi;8
Cajueiro;20
Cajueiro da Praia;9
Cajuri;3
Cajuru;17
Caldas;8
Caldas Brand?o;6
Caldas Novas;34
Caldazinha;2
Caldeir?o Grande;23
Caldeir?o Grande do Piau?;7
Calif?rnia;7
Calmon;4
Calumbi;14
Cal?ado;15
Cal?oene;16
Camacan;26
Camacho;2
Camala?;9
Camamu;83
Camanducaia;13
Camapu?;7
Camaqu?;32
Camaragibe;28
Camargo;4
Cama?ari;101
Cambar?;8
Cambar? do Sul;6
Cambira;6
Cambori?;30
Cambuci;13
Cambuquira;6
Cambu?;13
Camb?;44
Camet?;198
Camocim;40
Camocim de S?o F?lix;10
Campanha;7
Campan?rio;3
Campestre;17
Campestre da Serra;3
Campestre de Goi?s;3
Campestre do Maranh?o;15
Campina Grande;148
Campina Grande do Sul;30
Campina Verde;7
Campina da Lagoa;10
Campina das Miss?es;5
Campina do Monte Alegre;4
Campina do Sim?o;5
Campinas;217
Campinas do Piau?;15
Campinas do Sul;2
Campina?u;3
Campinorte;6
Campin?polis;35
Campo Alegre;33
Campo Alegre de Goi?s;6
Campo Alegre de Lourdes;124
Campo Alegre do Fidalgo;10
Campo Azul;7
Campo Belo;14
Campo Belo do Sul;14
Campo Bom;45
Campo Bonito;4
Campo Er?;9
Campo Florido;5
Campo Formoso;118
Campo Grande;237
Campo Grande do Piau?;7
Campo Largo;58
Campo Largo do Piau?;19
Campo Limpo Paulista;36
Campo Limpo de Goi?s;2
Campo Magro;13
Campo Maior;27
Campo Mour?o;43
Campo Novo;3
Campo Novo de Rond?nia;6
Campo Novo do Parecis;17
Campo Redondo;15
Campo Verde;13
Campo do Brito;21
Campo do Meio;5
Campo do Tenente;8
Campos Altos;8
Campos Belos;11
Campos Borges;2
Campos Gerais;10
Campos Lindos;8
Campos Novos;31
Campos Novos Paulista;3
Campos Sales;22
Campos Verdes;2
Campos de J?lio;5
Campos do Jord?o;36
Campos dos Goytacazes;234
Camutanga;9
Cana Verde;3
Canabrava do Norte;1
Canan?ia;12
Canapi;35
Canarana;34
Canas;5
Canavieira;9
Canavieiras;41
Cana?;4
Cana? dos Caraj?s;23
Candeal;8
Candeias;55
Candeias do Jamari;13
Candel?ria;19
Candiba;9
Candiota;8
Cand?i;10
Canela;24
Canelinha;17
Canguaretama;26
Cangu?u;35
Canhoba;8
Canhotinho;27
Canind?;80
Canind? de S?o Francisco;20
Canitar;4
Canoas;85
Canoinhas;38
Cansan??o;38
Cantagalo;24
Cantanhede;40
Canto do Buriti;16
Cant?;34
Canudos;9
Canudos do Vale;2
Canutama;40
Can?polis;26
Capanema;50
Capara?;10
Capela;42
Capela Nova;9
Capela de Santana;11
Capela do Alto;12
Capela do Alto Alegre;5
Capelinha;21
Capetinga;3
Capim;6
Capim Branco;5
Capim Grosso;27
Capinzal;14
Capinzal do Norte;23
Capin?polis;6
Capistrano;13
Capit?lio;8
Capit?o;5
Capit?o Andrade;4
Capit?o En?as;11
Capit?o Gerv?sio Oliveira;8
Capit?o Le?nidas Marques;9
Capit?o Po?o;100
Capit?o de Campos;21
Capivari;28
Capivari de Baixo;14
Capivari do Sul;3
Capixaba;12
Capoeiras;20
Caputira;10
Cap?o Alto;3
Cap?o Bonito;31
Cap?o Bonito do Sul;3
Cap?o da Canoa;21
Cap?o do Cip?;1
Cap?o do Le?o;13
Caracara?;19
Caracol;19
Caraguatatuba;52
Carambe?;11
Carana?ba;4
Caranda?;13
Carangola;22
Carapebus;15
Carapicu?ba;48
Caratinga;44
Carauari;51
Caravelas;27
Carazinho;29
Cara?;36
Cara?bas;39
Cara?bas do Piau?;8
Carbonita;8
Cardeal da Silva;10
Cardoso;9
Cardoso Moreira;13
Carea?u;2
Careiro;43
Careiro da V?rzea;46
Cariacica;113
Caridade;19
Caridade do Piau?;11
Carinhanha;31
Carira;23
Cariri do Tocantins;2
Cariria?u;20
Carir?;21
Cari?s;8
Carlinda;7
Carlos Barbosa;17
Carlos Chagas;12
Carlos Gomes;2
Carl?polis;7
Carmo;15
Carmo da Cachoeira;6
Carmo da Mata;5
Carmo de Minas;8
Carmo do Cajuru;10
Carmo do Parana?ba;16
Carmo do Rio Claro;7
Carmo do Rio Verde;5
Carmol?ndia;3
Carm?polis;11
Carm?polis de Minas;6
Carm?sia;2
Carnaubais;9
Carnaubal;18
Carnaubeira da Penha;28
Carna?ba;20
Carna?ba dos Dantas;8
Carneirinho;6
Carneiros;7
Caroebe;12
Carolina;44
Carpina;22
Carrancas;2
Carrapateira;4
Carrasco Bonito;4
Caruaru;137
Carutapera;36
Carvalhos;5
Carvalh?polis;2
Casa Branca;15
Casa Grande;3
Casa Nova;118
Casca;2
Cascalho Rico;5
Cascavel;169
Caseara;4
Caseiros;2
Casimiro de Abreu;25
Casinhas;18
Casserengue;9
Cassil?ndia;11
Castanhal;80
Castanheira;5
Castanheiras;2
Castelo;21
Castelo do Piau?;26
Castel?ndia;2
Castilho;11
Castro;38
Castro Alves;25
Cataguases;25
Catal?o;29
Catanduva;35
Catanduvas;10
Catarina;16
Catas Altas;5
Catas Altas da Noruega;5
Catende;26
Catigu?;3
Catingueira;5
Catol? do Rocha;13
Catol?ndia;8
Catu;38
Catuji;10
Catunda;12
Caturama;20
Catura?;1
Caturit?;7
Catuti;5
Catu?pe;7
Caucaia;143
Cavalcante;22
Caxambu;9
Caxambu do Sul;5
Caxias;219
Caxias do Sul;83
Caxing?;14
Ca?ador;34
Ca?apava;28
Ca?apava do Sul;21
Ca?m;16
Ca?u;8
Cear?-Mirim;52
Cedral;20
Cedro;33
Cedro de S?o Jo?o;4
Cedro do Abaet?;2
Celso Ramos;2
Centen?rio;5
Centen?rio do Sul;6
Central;12
Central de Minas;1
Central do Maranh?o;22
Centralina;3
Centro Novo do Maranh?o;43
Centro do Guilherme;29
Cerejeiras;7
Ceres;7
Cerqueira C?sar;8
Cerquilho;25
Cerrito;7
Cerro Azul;27
Cerro Branco;4
Cerro Cor?;9
Cerro Grande;4
Cerro Grande do Sul;7
Cerro Largo;8
Cerro Negro;7
Ces?rio Lange;14
Cezarina;3
Chal?;11
Chapada;7
Chapada Ga?cha;14
Chapada da Natividade;2
Chapada de Areia;2
Chapada do Norte;10
Chapada dos Guimar?es;15
Chapadinha;134
Chapad?o do C?u;5
Chapad?o do Lageado;2
Chapad?o do Sul;11
Chapec?;86
Charqueada;8
Charqueadas;17
Charrua;3
Chaval;16
Chavantes;10
Chaves;97
Chiador;8
Chiapetta;5
Chopinzinho;14
Chorozinho;21
Chorroch?;25
Chor?;17
Chupinguaia;8
Chuvisca;3
Chu?;3
Ch? Grande;16
Ch? Preta;12
Ch? de Alegria;10
Ch?cara;2
Cianorte;28
Cidade Ga?cha;5
Cidade Ocidental;25
Cidel?ndia;22
Cidreira;9
Cipot?nea;4
Cip?;24
Cir?aco;4
Claraval;5
Claro dos Po??es;5
Clementina;5
Clevel?ndia;11
Cl?udia;4
Cl?udio;13
Coaraci;34
Coari;108
Cocal;38
Cocal de Telha;7
Cocal do Sul;12
Cocal dos Alves;11
Cocalinho;6
Cocalzinho de Goi?s;7
Cocos;34
Codaj?s;57
Cod?;163
Coelho Neto;39
Coimbra;2
Coit? do N?ia;22
Coivaras;5
Colares;25
Colatina;85
Colina;14
Colinas;57
Colinas do Sul;3
Colinas do Tocantins;16
Colm?ia;7
Colniza;14
Colombo;90
Colorado;15
Colorado do Oeste;9
Coluna;8
Col?der;15
Col?mbia;9
Col?nia Leopoldina;15
Col?nia do Gurgu?ia;8
Col?nia do Piau?;8
Combinado;2
Comendador Gomes;2
Comendador Levy Gasparian;7
Comercinho;11
Comodoro;12
Concei??o;31
Concei??o da Aparecida;6
Concei??o da Barra;27
Concei??o da Barra de Minas;2
Concei??o da Feira;23
Concei??o das Alagoas;10
Concei??o das Pedras;2
Concei??o de Ipanema;7
Concei??o de Macabu;17
Concei??o do Almeida;15
Concei??o do Araguaia;23
Concei??o do Canind?;8
Concei??o do Castelo;11
Concei??o do Coit?;66
Concei??o do Jacu?pe;26
Concei??o do Lago-A?u;35
Concei??o do Mato Dentro;17
Concei??o do Par?;5
Concei??o do Rio Verde;8
Concei??o do Tocantins;4
Concei??o dos Ouros;6
Conchal;20
Conchas;12
Conc?rdia;46
Conc?rdia do Par?;78
Condado;15
Conde;56
Conde?ba;35
Condor;5
Confins;5
Confresa;14
Congo;7
Congonhal;3
Congonhas;31
Congonhas do Norte;3
Congonhinhas;10
Conquista;5
Conquista D'Oeste;5
Conselheiro Lafaiete;34
Conselheiro Mairinck;2
Conselheiro Pena;15
Consola??o;1
Constantina;6
Contagem;123
Contenda;15
Contendas do Sincor?;10
Coqueiral;9
Coqueiro Baixo;3
Coqueiro Seco;7
Coqueiros do Sul;3
Cora??o de Jesus;23
Cora??o de Maria;24
Corb?lia;10
Cordeiro;12
Cordeiros;10
Cordeir?polis;13
Cordilheira Alta;3
Cordisburgo;4
Cordisl?ndia;2
Corea?;16
Coremas;17
Corguinho;3
Coribe;19
Corinto;7
Corn?lio Proc?pio;24
Coroaci;12
Coroados;3
Coroat?;70
Coromandel;17
Coronel Barros;2
Coronel Bicaco;8
Coronel Domingos Soares;11
Coronel Ezequiel;6
Coronel Fabriciano;24
Coronel Freitas;8
Coronel Jos? Dias;6
Coronel Jo?o Pessoa;13
Coronel Jo?o S?;66
Coronel Macedo;2
Coronel Martins;2
Coronel Murta;7
Coronel Pacheco;3
Coronel Pilar;2
Coronel Sapucaia;7
Coronel Vivida;15
Coronel Xavier Chaves;1
Correia Pinto;17
Corrente;27
Correntes;25
Correntina;31
Cort?s;17
Corumbata?;3
Corumbata? do Sul;3
Corumba?ba;8
Corumbiara;4
Corumb?;36
Corumb? de Goi?s;7
Corup?;9
Coruripe;20
Cosmorama;3
Cosm?polis;29
Costa Marques;9
Costa Rica;12
Cotegipe;30
Cotia;104
Cotipor?;2
Cotrigua?u;5
Couto Magalh?es;4
Couto de Magalh?es de Minas;3
Coxilha;2
Coxim;12
Coxixola;4
Crate?s;53
Crato;60
Cravinhos;13
Cravol?ndia;12
Cra?bas;27
Crici?ma;65
Crissiumal;7
Cristais;7
Cristais Paulista;3
Cristal;3
Cristal do Sul;4
Cristalina;26
Cristal?ndia;2
Cristal?ndia do Piau?;9
Cristiano Otoni;4
Cristian?polis;3
Cristina;7
Cristino Castro;9
Cristin?polis;22
Crist?lia;4
Crist?polis;25
Cris?lita;5
Cris?polis;26
Crix?s;12
Crix?s do Tocantins;2
Croat?;37
Crom?nia;3
Crucil?ndia;4
Cruz;25
Cruz Alta;43
Cruz Machado;10
Cruz das Almas;46
Cruz do Esp?rito Santo;18
Cruzaltense;2
Cruzeiro;30
Cruzeiro da Fortaleza;5
Cruzeiro do Igua?u;4
Cruzeiro do Oeste;11
Cruzeiro do Sul;119
Cruzeta;4
Cruzmaltina;4
Cruz?lia;8
Cubati;12
Cubat?o;53
Cuiab?;166
Cuitegi;11
Cuit?;21
Cuit? de Mamanguape;15
Cujubim;6
Cumari;1
Cumaru;18
Cumaru do Norte;15
Cumbe;4
Cunha;33
Cunha Por?;8
Cunhata?;3
Cuparaque;4
Cupira;21
Cura??;45
Curimat?;15
Curion?polis;18
Curitiba;426
Curitibanos;16
Curi?va;8
Currais;12
Currais Novos;33
Curral Novo do Piau?;13
Curral Velho;3
Curral de Cima;11
Curral de Dentro;6
Curralinho;41
Curralinhos;8
Cururupu;50
Curu?;38
Curu??;51
Curvelo;21
Curvel?ndia;2
Cust?dia;24
Cutias;12
C?ceres;39
C?cero Dantas;21
C?ndido God?i;4
C?ndido Mendes;41
C?ndido Mota;7
C?ndido Rodrigues;4
C?ndido Sales;45
C?ndido de Abreu;23
C?nego Marinho;14
C?rrego Danta;5
C?rrego Fundo;3
C?rrego Novo;2
C?rrego do Bom Jesus;1
C?rrego do Ouro;2
C?ssia;7
C?ssia dos Coqueiros;4
C?u Azul;9
Damian?polis;2
Dami?o;8
Damol?ndia;1
Darcin?polis;5
Datas;5
David Canabarro;3
Davin?polis;20
Delfim Moreira;4
Delfin?polis;7
Delmiro Gouveia;30
Delta;4
Demerval Lob?o;9
Denise;3
Deod?polis;5
Deputado Irapuan Pinheiro;6
Derrubadas;4
Descalvado;23
Descanso;5
Descoberto;3
Desterro;12
Desterro de Entre Rios;5
Desterro do Melo;2
Dezesseis de Novembro;3
Diadema;65
Diamante;10
Diamante D'Oeste;2
Diamante do Norte;3
Diamante do Sul;3
Diamantina;31
Diamantino;13
Dian?polis;15
Dias d'?vila;32
Dilermando de Aguiar;2
Diogo de Vasconcelos;5
Dion?sio;1
Dion?sio Cerqueira;12
Diorama;4
Dirce Reis;1
Dirceu Arcoverde;7
Divina Pastora;7
Divino;18
Divino das Laranjeiras;4
Divino de S?o Louren?o;2
Divinol?ndia;7
Divinol?ndia de Minas;6
Divin?polis;52
Divin?polis de Goi?s;6
Divin?polis do Tocantins;5
Divin?sia;2
Divisa Alegre;2
Divisa Nova;4
Divis?polis;6
Dobrada;4
Dois C?rregos;10
Dois Irm?os;13
Dois Irm?os das Miss?es;4
Dois Irm?os do Buriti;7
Dois Irm?os do Tocantins;8
Dois Lajeados;2
Dois Riachos;27
Dois Vizinhos;22
Dolcin?polis;2
Dom Aquino;2
Dom Bas?lio;7
Dom Bosco;4
Dom Cavati;2
Dom Eliseu;48
Dom Expedito Lopes;9
Dom Feliciano;8
Dom Inoc?ncio;14
Dom Joaquim;6
Dom Macedo Costa;5
Dom Pedrito;29
Dom Pedro;30
Dom Pedro de Alc?ntara;2
Dom Silv?rio;2
Dom Vi?oso;3
Domingos Martins;47
Domingos Mour?o;8
Dona Emma;5
Dona Euz?bia;2
Dona Francisca;3
Dona In?s;16
Dores de Campos;5
Dores de Guanh?es;3
Dores do Indai?;6
Dores do Rio Preto;5
Dores do Turvo;4
Dores?polis;2
Dormentes;15
Douradina;6
Dourado;5
Douradoquara;1
Dourados;85
Doutor Camargo;5
Doutor Maur?cio Cardoso;1
Doutor Pedrinho;3
Doutor Ricardo;2
Doutor Severiano;7
Doutor Ulysses;10
Doverl?ndia;6
Dracena;19
Duartina;5
Duas Barras;11
Duas Estradas;7
Duer?;3
Dumont;6
Duque Bacelar;28
Duque de Caxias;179
Durand?;10
D?rio Meira;24
Echapor?;3
Ecoporanga;22
Edealina;3
Ed?ia;5
Eirunep?;40
Eldorado;36
Eldorado do Caraj?s;40
Eldorado do Sul;18
Elesb?o Veloso;16
Elias Fausto;10
Eliseu Martins;3
Elisi?rio;2
El?i Mendes;12
El?sio Medrado;22
Emas;3
Emba?ba;2
Embu das Artes;46
Embu-Gua?u;33
Emilian?polis;2
Encantado;16
Encanto;10
Encruzilhada;34
Encruzilhada do Sul;16
Engenheiro Beltr?o;11
Engenheiro Caldas;5
Engenheiro Coelho;9
Engenheiro Navarro;3
Engenheiro Paulo de Frontin;8
Engenho Velho;2
Entre Folhas;2
Entre Rios;32
Entre Rios de Minas;9
Entre Rios do Oeste;2
Entre Rios do Sul;2
Entre-Iju?s;5
Envira;41
En?as Marques;3
Epitaciol?ndia;18
Equador;6
Erebango;2
Erechim;18
Erer?;8
Ermo;2
Ernestina;4
Erval Grande;5
Erval Seco;7
Erval Velho;2
Erv?lia;11
Escada;42
Esmeralda;2
Esmeraldas;28
Espera Feliz;19
Esperantina;52
Esperantin?polis;32
Esperan?a;29
Esperan?a Nova;2
Esperan?a do Sul;3
Espig?o Alto do Igua?u;6
Espig?o D'Oeste;9
Espinosa;35
Esplanada;41
Espumoso;9
Esp?rito Santo;10
Esp?rito Santo do Dourado;5
Esp?rito Santo do Pinhal;19
Esp?rito Santo do Turvo;3
Esta??o;3
Esteio;30
Estiva;6
Estiva Gerbi;11
Estreito;30
Estrela;21
Estrela Dalva;2
Estrela Velha;3
Estrela d'Oeste;4
Estrela de Alagoas;14
Estrela do Indai?;3
Estrela do Norte;6
Estrela do Sul;7
Est?ncia;40
Est?ncia Velha;26
Euclides da Cunha;54
Euclides da Cunha Paulista;6
Eugen?polis;6
Eug?nio de Castro;3
Eun?polis;38
Eus?bio;40
Ewbank da C?mara;3
Extrema;20
Extremoz;27
Exu;39
Fagundes;27
Fagundes Varela;1
Faina;8
Fama;3
Faria Lemos;6
Farias Brito;20
Faro;19
Farol;2
Farroupilha;28
Fartura;7
Fartura do Piau?;8
Faxinal;11
Faxinal do Soturno;5
Faxinal dos Guedes;6
Faxinalzinho;2
Fazenda Nova;4
Fazenda Rio Grande;36
Fazenda Vilanova;5
Feij?;94
Feira Grande;24
Feira Nova;18
Feira Nova do Maranh?o;10
Feira da Mata;6
Feira de Santana;201
Felipe Guerra;9
Felisburgo;7
Felixl?ndia;10
Feliz;9
Feliz Deserto;4
Feliz Natal;11
Fel?cio dos Santos;3
Fernandes Pinheiro;5
Fernandes Tourinho;2
Fernando Falc?o;28
Fernando Pedroza;2
Fernando Prestes;6
Fernand?polis;30
Fern?o;2
Ferraz de Vasconcelos;47
Ferreira Gomes;9
Ferreiros;7
Ferros;15
Fervedouro;9
Figueira;4
Figueir?o;2
Figueir?polis;2
Figueir?polis D'Oeste;1
Filad?lfia;32
Firmino Alves;7
Firmin?polis;5
Flexeiras;15
Flor da Serra do Sul;3
Flor do Sert?o;2
Flora Rica;2
Flora?;3
Floreal;1
Flores;21
Flores da Cunha;12
Flores de Goi?s;11
Flores do Piau?;7
Floresta;49
Floresta Azul;15
Floresta do Araguaia;22
Floresta do Piau?;3
Florestal;3
Florest?polis;7
Floriano;49
Floriano Peixoto;2
Florian?polis;126
Flor?nea;2
Flor?nia;9
Fl?rida;2
Fl?rida Paulista;6
Fonte Boa;51
Fontoura Xavier;11
Formiga;26
Formigueiro;5
Formosa;50
Formosa da Serra Negra;25
Formosa do Oeste;3
Formosa do Rio Preto;41
Formosa do Sul;2
Formoso;7
Formoso do Araguaia;9
Forquetinha;2
Forquilha;13
Forquilhinha;17
Fortaleza;318
Fortaleza de Minas;2
Fortaleza dos Nogueiras;18
Fortaleza dos Valos;5
Fortim;11
Fortuna;26
Fortuna de Minas;3
Foz do Igua?u;90
Foz do Jord?o;2
Fraiburgo;28
Franca;56
Francin?polis;3
Francisco Alves;6
Francisco Ayres;3
Francisco Badar?;13
Francisco Beltr?o;40
Francisco Dantas;4
Francisco Dumont;4
Francisco Macedo;4
Francisco Morato;49
Francisco Santos;8
Francisco S?;16
Francisc?polis;4
Franco da Rocha;52
Frecheirinha;19
Frederico Westphalen;17
Frei Gaspar;6
Frei Inoc?ncio;6
Frei Lagonegro;7
Frei Martinho;3
Frei Miguelinho;12
Frei Paulo;11
Frei Rog?rio;3
Fronteira;8
Fronteira dos Vales;5
Fronteiras;7
Fruta de Leite;4
Frutal;18
Frutuoso Gomes;8
Fund?o;13
Funil?ndia;3
F?nix;5
F?tima;13
F?tima do Sul;8
Gabriel Monteiro;3
Gado Bravo;33
Galil?ia;5
Galinhos;4
Galv?o;2
Gameleira;21
Gameleira de Goi?s;3
Gameleiras;10
Gandu;33
Garanhuns;49
Gararu;19
Garibaldi;14
Garopaba;18
Garraf?o do Norte;57
Garruchos;3
Garuva;12
Gar?a;25
Gaspar;32
Gast?o Vidigal;2
Gaurama;3
Gavi?o;6
Gavi?o Peixoto;4
Ga?cha do Norte;9
Geminiano;12
General Carneiro;28
General C?mara;6
General Maynard;4
General Salgado;8
General Sampaio;9
Gentil;3
Gentio do Ouro;44
Getulina;4
Get?lio Vargas;6
Gilbu?s;28
Girau do Ponciano;62
Giru?;16
Glaucil?ndia;5
Glic?rio;4
Glorinha;6
Gl?ria;22
Gl?ria D'Oeste;3
Gl?ria de Dourados;3
Gl?ria do Goit?;30
Godofredo Viana;16
Godoy Moreira;2
Goiabeira;2
Goiana;40
Goiandira;1
Goianinha;28
Goianira;16
Goianorte;4
Goian?;2
Goian?polis;7
Goian?sia;32
Goian?sia do Par?;45
Goiatins;10
Goiatuba;16
Goioer?;16
Goioxim;8
Goi?nia;319
Goi?s;14
Gongogi;17
Gonzaga;5
Gon?alves;2
Gon?alves Dias;41
Gouveia;5
Gouvel?ndia;4
Governador Archer;24
Governador Celso Ramos;16
Governador Dix-Sept Rosado;12
Governador Edison Lob?o;16
Governador Eug?nio Barros;34
Governador Jorge Teixeira;5
Governador Lindenberg;17
Governador Luiz Rocha;13
Governador Mangabeira;28
Governador Newton Bello;34
Governador Nunes Freire;36
Governador Valadares;55
Gracho Cardoso;12
Graja?;153
Gramado;28
Gramado Xavier;6
Gramado dos Loureiros;3
Grandes Rios;5
Granito;6
Granja;51
Granjeiro;8
Gravatal;8
Gravata?;76
Gravat?;47
Gra?a;17
Gra?a Aranha;12
Groa?ras;9
Grossos;8
Grupiara;1
Gr?o Mogol;18
Gr?o Par?;6
Guabiju;2
Guabiruba;17
Guadalupe;8
Guaimb?;4
Guaira??;3
Guai?ara;6
Guai?ba;25
Guajar?;39
Guajar?-Mirim;13
Guajeru;5
Guamar?;19
Guamiranga;5
Guanambi;35
Guanh?es;11
Guapiara;21
Guapia?u;9
Guapimirim;34
Guapirama;3
Guaporema;2
Guapor?;10
Guap?;15
Guarabira;41
Guaraci;10
Guaraciaba;10
Guaraciaba do Norte;37
Guaraciama;2
Guaramiranga;7
Guaramirim;25
Guarani;3
Guarani d'Oeste;3
Guarani das Miss?es;6
Guarani de Goi?s;5
Guarania?u;15
Guarant?;5
Guarant? do Norte;24
Guaran?sia;7
Guarapari;66
Guarapuava;70
Guaraque?aba;24
Guararapes;18
Guararema;24
Guarar?;2
Guaratinga;24
Guaratinguet?;43
Guaratuba;24
Guara?;8
Guara?a?;4
Guara?ta;1
Guarda-Mor;5
Guare?;7
Guariba;21
Guaribas;12
Guarinos;2
Guaruj?;60
Guaruj? do Sul;4
Guarulhos;150
Guar?;12
Guatamb?;6
Guatapar?;6
Guaxup?;16
Gua?ba;28
Gua?ra;39
Gua?u?;19
Guia Lopes da Laguna;3
Guidoval;2
Guimar?es;15
Guimar?nia;5
Guiratinga;4
Guiricema;3
Gurinhat?;4
Gurinh?m;16
Gurj?o;5
Gurupi;23
Gurup?;88
Guzol?ndia;3
G?lia;2
Harmonia;5
Heitora?;3
Heliodora;4
Heli?polis;16
Hercul?ndia;2
Herval;6
Herval d'Oeste;10
Herveiras;4
Hidrolina;2
Hidrol?ndia;27
Holambra;13
Hon?rio Serpa;4
Horizonte;48
Horizontina;10
Hortol?ndia;59
Hugo Napole?o;5
Hulha Negra;4
Humait?;79
Humberto de Campos;79
Iacanga;5
Iaciara;11
Iacri;2
Iapu;6
Iaras;4
Iati;13
Ia?u;46
Ibaiti;20
Ibarama;5
Ibaretama;15
Ibateguara;20
Ibatiba;15
Ibat?;14
Ibema;4
Ibertioga;2
Ibiam;2
Ibiapina;20
Ibiara;8
Ibiassuc?;10
Ibia?;6
Ibia??;2
Ibicara?;19
Ibicar?;1
Ibicoara;11
Ibicuitinga;12
Ibicu?;18
Ibimirim;17
Ibipeba;20
Ibipitanga;17
Ibipor?;29
Ibiquera;7
Ibiracatu;10
Ibiraci;5
Ibiraiaras;2
Ibirajuba;12
Ibirama;12
Ibirapitanga;29
Ibirapuit?;5
Ibirapu?;9
Ibirarema;5
Ibirataia;34
Ibira?u;11
Ibirit?;35
Ibirub?;15
Ibir?;5
Ibitiara;17
Ibitinga;23
Ibitirama;10
Ibitit?;26
Ibiti?ra de Minas;2
Ibituruna;2
Ibi?;16
Ibi?na;62
Ibotirama;21
Icapu?;16
Icara? de Minas;13
Icara?ma;6
Icatu;60
Ichu;7
Iconha;12
Ic?;41
Ic?m;4
Ielmo Marinho;16
Iep?;2
Igaci;18
Igapor?;15
Igaracy;11
Igarapava;15
Igarap?;17
Igarap? Grande;20
Igarap? do Meio;37
Igarap?-A?u;53
Igarap?-Miri;105
Igarassu;48
Igaratinga;6
Igarat?;8
Igara?u do Tiet?;9
Igrapi?na;39
Igreja Nova;23
Igrejinha;24
Iguaba Grande;15
Iguape;17
Iguaracy;14
Iguara?u;3
Iguatama;4
Iguatemi;8
Iguatu;47
Igua?;33
Ijaci;2
Iju?;25
Ilha Comprida;10
Ilha Grande;8
Ilha Solteira;10
Ilha das Flores;7
Ilha de Itamarac?;15
Ilhabela;37
Ilhota;13
Ilh?us;53
Ilic?nea;3
Il?polis;3
Imaculada;13
Imaru?;9
Imba?;9
Imbituba;25
Imbituva;24
Imbuia;7
Imb?;18
Imb? de Minas;9
Imigrante;5
Imperatriz;134
Inaciol?ndia;3
Inaj?;23
Inconfidentes;4
Indaiabira;9
Indaial;39
Indaiatuba;81
Independ?ncia;43
Indiana;2
Indian?polis;7
Indiapor?;2
Indiara;8
Indiaroba;15
Indiava?;1
Ingazeira;9
Inga?;1
Ing?;24
Inhacor?;2
Inhambupe;41
Inhangapi;9
Inhapi;19
Inhapim;22
Inha?ma;4
Inhuma;10
Inhumas;22
Inimutaba;8
Inoc?ncia;3
In?bia Paulista;3
In?cio Martins;11
Iomer?;2
Ipaba;6
Ipameri;18
Ipanema;7
Ipangua?u;11
Ipaporanga;8
Ipatinga;47
Ipaumirim;10
Ipaussu;7
Ipecaet?;26
Iper?;16
Ipe?na;4
Ipia?;32
Ipia?u;3
Ipigu?;2
Ipira;5
Ipiranga;10
Ipiranga de Goi?s;3
Ipiranga do Norte;3
Ipiranga do Piau?;8
Ipiranga do Sul;1
Ipir?;56
Ipixuna;34
Ipixuna do Par?;68
Ipojuca;70
Iporanga;13
Ipor?;25
Ipor? do Oeste;6
Ipu;30
Ipua?u;8
Ipubi;39
Ipueira;2
Ipueiras;50
Ipui?na;5
Ipumirim;6
Ipupiara;28
Ipu?;14
Ip?;4
Iracema;23
Iracema do Oeste;2
Iraceminha;5
Iracem?polis;8
Irajuba;15
Iramaia;14
Iranduba;57
Irani;8
Irapuru;3
Irapu?;3
Iraquara;21
Irar?;28
Irati;43
Irau?uba;26
Ira?;6
Ira? de Minas;4
Irec?;35
Iretama;9
Irine?polis;10
Irituia;100
Irupi;11
Isa?as Coelho;10
Israel?ndia;1
Itaara;4
Itabaiana;68
Itabaianinha;28
Itabela;16
Itaberaba;53
Itabera?;11
Itaber?;5
Itabi;7
Itabira;34
Itabirinha;8
Itabirito;26
Itabora?;94
Itabuna;90
Itacaj?;6
Itacambira;4
Itacarambi;17
Itacar?;42
Itacoatiara;115
Itacuruba;9
Itacurubi;4
Itaet?;23
Itagi;23
Itagib?;19
Itagimirim;4
Itaguaj?;2
Itaguara;4
Itaguari;2
Itaguaru;2
Itaguatins;9
Itagua?;62
Itagua?u;13
Itagua?u da Bahia;51
Itain?polis;17
Itaipava do Graja?;25
Itaipul?ndia;10
Itaip?;11
Itaitinga;23
Itaituba;116
Itai?aba;6
Itai?polis;20
Itaja?;117
Itajobi;8
Itaju;3
Itaju do Col?nia;12
Itajub?;33
Itaju?pe;33
Itaj?;9
Italva;9
Itamaraju;57
Itamarandiba;27
Itamarati;36
Itamarati de Minas;2
Itamari;13
Itambacuri;14
Itambarac?;4
Itamb?;54
Itamb? do Mato Dentro;5
Itamogi;7
Itamonte;7
Itanagra;12
Itanhandu;6
Itanhang?;5
Itanha?m;45
Itanhomi;6
Itanh?m;24
Itaobim;11
Itaoca;4
Itaocara;16
Itapaci;4
Itapagipe;6
Itapaj?;37
Itaparica;22
Itapebi;13
Itapecerica;6
Itapecerica da Serra;71
Itapecuru Mirim;91
Itapejara d'Oeste;6
Itapema;24
Itapemirim;44
Itaperuna;36
Itaperu?u;11
Itapetim;14
Itapetinga;43
Itapetininga;85
Itapeva;64
Itapevi;64
Itapicuru;27
Itapipoca;85
Itapira;41
Itapiranga;28
Itapirapu?;4
Itapirapu? Paulista;6
Itapiratins;3
Itapissuma;15
Itapitanga;21
Itapi?na;12
Itaporanga;20
Itaporanga d'Ajuda;36
Itapororoca;14
Itapor?;6
Itapor? do Tocantins;1
Itapo?;14
Itapuca;2
Itapura;3
Itapuranga;6
Itapu?;5
Itapu? do Oeste;6
Itap?;12
Itaquaquecetuba;71
Itaquara;11
Itaqui;16
Itaquira?;5
Itaquitinga;11
Itarana;12
Itarantim;16
Itarar?;25
Itarema;50
Itariri;9
Itarum?;5
Itati;2
Itatiaia;19
Itatiaiu?u;9
Itatiba;59
Itatiba do Sul;3
Itatim;25
Itatinga;13
Itatira;32
Itatuba;12
Itaubal;20
Itaueira;26
Itau?u;4
Itaverava;6
Ita?;13
Ita? de Minas;7
Ita?ba;30
Ita?na;25
Ita?na do Sul;2
Itinga;16
Itinga do Maranh?o;38
Itiquira;8
Itirapina;8
Itirapu?;3
Itiru?u;10
Iti?ba;60
Itobi;2
Itoror?;24
Itu;71
Itua?u;15
Ituber?;34
Itueta;7
Ituiutaba;21
Itumbiara;34
Itumirim;2
Itupeva;32
Itupiranga;82
Ituporanga;13
Iturama;13
Itutinga;2
Ituverava;19
It?;5
It?polis;17
Iuiu;16
Ivaipor?;21
Ivatuba;2
Ivat?;4
Iva?;6
Ivinhema;5
Ivol?ndia;2
Ivor?;4
Ivoti;17
I?ara;48
I?na;24
Jaboat?o dos Guararapes;146
Jaborandi;10
Jabor?;2
Jaboti;2
Jaboticaba;4
Jaboticabal;31
Jaboticatubas;12
Jacaraci;12
Jacara?;20
Jacareacanga;64
Jacarezinho;22
Jacare?;75
Jacar? dos Homens;10
Jaci;2
Jaciara;8
Jacinto;12
Jacinto Machado;9
Jacobina;49
Jacobina do Piau?;11
Jacuizinho;6
Jacund?;40
Jacupiranga;18
Jacutinga;16
Jacu?;2
Jacu?pe;10
Jaguapit?;5
Jaguaquara;51
Jaguarari;36
Jaguara?u;4
Jaguaretama;15
Jaguari;6
Jaguaria?va;19
Jaguaribara;13
Jaguaribe;33
Jaguaripe;29
Jaguari?na;39
Jaguaruana;22
Jaguaruna;16
Jaguar?;34
Jaguar?o;18
Jaic?s;18
Jales;8
Jambeiro;3
Jampruca;2
Jana?ba;26
Jandaia;5
Jandaia do Sul;10
Janda?ra;24
Jandira;39
Jandu?s;5
Jangada;4
Jani?polis;4
Janu?ria;55
Janu?rio Cicco;12
Japaratinga;13
Japaratuba;26
Japara?ba;5
Japeri;34
Japi;13
Japira;2
Japoat?;13
Japonvar;7
Japor?;4
Japur?;49
Jaqueira;20
Jaquirana;2
Jaraguari;4
Jaragu?;22
Jaragu? do Sul;61
Jaramataia;7
Jardim;34
Jardim Alegre;7
Jardim Olinda;2
Jardim de Angicos;3
Jardim de Piranhas;16
Jardim do Mulato;8
Jardim do Serid?;10
Jardin?polis;27
Jari;4
Jarinu;20
Jaru;18
Jataizinho;6
Jata?;39
Jata?ba;32
Jate?;2
Jati;8
Jatob?;29
Jatob? do Piau?;15
Jaupaci;3
Jauru;4
Ja?;59
Ja? do Tocantins;6
Ja?an?;5
Ja?ba;19
Jeceaba;4
Jenipapo de Minas;14
Jenipapo dos Vieiras;32
Jequeri;7
Jequita?;3
Jequitib?;4
Jequitinhonha;17
Jequi?;87
Jequi? da Praia;11
Jeremoabo;59
Jeric?;14
Jeriquara;4
Jerumenha;9
Jer?nimo Monteiro;7
Jesu?nia;2
Jesu?tas;3
Jes?polis;2
Ji-Paran?;33
Jijoca de Jericoacoara;18
Jiquiri??;25
Jita?na;27
Joan?polis;8
Joan?sia;4
Joaquim Fel?cio;2
Joaquim Gomes;21
Joaquim Nabuco;15
Joaquim Pires;17
Joaquim T?vora;9
Joa?aba;14
Joa?ma;14
Joca Claudino;8
Joca Marques;15
Joinville;158
Jord?nia;8
Jord?o;63
Josel?ndia;19
Josen?polis;5
Jos? Boiteux;8
Jos? Bonif?cio;16
Jos? Gon?alves de Minas;4
Jos? Raydan;7
Jos? da Penha;11
Jos? de Freitas;30
Jovi?nia;5
Jo?o Alfredo;20
Jo?o Costa;3
Jo?o C?mara;41
Jo?o Dias;5
Jo?o Dourado;21
Jo?o Lisboa;51
Jo?o Monlevade;13
Jo?o Neiva;12
Jo?o Pessoa;186
Jo?o Pinheiro;15
Jo?o Ramalho;2
Juara;19
Juarez T?vora;11
Juarina;2
Juatuba;17
Juazeirinho;16
Juazeiro;135
Juazeiro do Norte;90
Juazeiro do Piau?;10
Jucati;10
Jucurutu;20
Jucuru?u;32
Juc?s;15
Juiz de Fora;136
Jumirim;3
Junco do Maranh?o;10
Junco do Serid?;3
Jundia?;110
Jundia? do Sul;2
Jundi?;13
Junqueiro;25
Junqueir?polis;8
Jupi;10
Jupi?;2
Juquitiba;15
Juqui?;14
Juramento;4
Juranda;7
Jurema;25
Juripiranga;10
Juru;9
Juruaia;6
Juruena;7
Juruti;117
Juru?;30
Juscimeira;8
Jussara;44
Jussari;17
Jussiape;7
Juta?;86
Juti;3
Juven?lia;7
Ju?na;19
J?ia;8
J?lio Borges;8
J?lio Mesquita;2
J?lio de Castilhos;13
Kalor?;5
Lacerd?polis;2
Ladainha;18
Lad?rio;15
Lafaiete Coutinho;5
Lagamar;3
Lagarto;76
Lages;127
Lago Verde;35
Lago da Pedra;58
Lago do Junco;33
Lago dos Rodrigues;23
Lagoa;8
Lagoa Alegre;8
Lagoa Bonita do Sul;3
Lagoa Dourada;12
Lagoa Formosa;9
Lagoa Grande;24
Lagoa Grande do Maranh?o;28
Lagoa Nova;17
Lagoa Real;22
Lagoa Salgada;10
Lagoa Santa;26
Lagoa Seca;32
Lagoa Vermelha;21
Lagoa d'Anta;8
Lagoa da Canoa;23
Lagoa da Confus?o;4
Lagoa da Prata;11
Lagoa de Dentro;14
Lagoa de Itaenga;14
Lagoa de Pedras;11
Lagoa de S?o Francisco;11
Lagoa de Velhos;3
Lagoa do Barro do Piau?;10
Lagoa do Carro;14
Lagoa do Mato;13
Lagoa do Ouro;15
Lagoa do Piau?;5
Lagoa do S?tio;11
Lagoa do Tocantins;2
Lagoa dos Gatos;28
Lagoa dos Patos;2
Lagoa dos Tr?s Cantos;3
Lagoinha;2
Lagoinha do Piau?;6
Lago?o;11
Laguna;28
Laguna Carap?;5
Laje;32
Laje do Muria?;6
Lajeado;45
Lajeado Grande;2
Lajeado Novo;16
Lajeado do Bugre;4
Lajedinho;9
Lajedo;38
Lajedo do Tabocal;13
Lajed?o;8
Lajes;8
Lajes Pintadas;10
Lajinha;25
Lamar?o;15
Lambari;10
Lambari D'Oeste;4
Lamim;7
Landri Sales;7
Lapa;31
Lap?o;30
Laranja da Terra;16
Laranjal;8
Laranjal Paulista;15
Laranjal do Jari;25
Laranjeiras;17
Laranjeiras do Sul;22
Lassance;8
Lastro;6
Laurentino;4
Lauro M?ller;14
Lauro de Freitas;78
Lavandeira;2
Lavras;33
Lavras da Mangabeira;24
Lavras do Sul;6
Lavrinhas;5
Lav?nia;3
Leandro Ferreira;3
Lebon R?gis;9
Leme;50
Leme do Prado;7
Len??is;14
Len??is Paulista;35
Leoberto Leal;7
Leopoldina;26
Leopoldo de Bulh?es;8
Le?polis;7
Liberato Salzano;5
Liberdade;1
Lic?nio de Almeida;16
Lidian?polis;4
Lima Campos;27
Lima Duarte;17
Limeira;69
Limeira do Oeste;3
Limoeiro;29
Limoeiro de Anadia;24
Limoeiro do Ajuru;48
Limoeiro do Norte;22
Lindoeste;4
Lindolfo Collor;7
Lind?ia;5
Lind?ia do Sul;3
Linha Nova;2
Linhares;97
Lins;27
Livramento;15
Livramento de Nossa Senhora;28
Lizarda;4
Loanda;12
Lobato;2
Logradouro;5
Londrina;118
Lontra;6
Lontras;15
Lorena;40
Loreto;19
Lourdes;2
Louveira;19
Lucas do Rio Verde;19
Lucena;12
Lucian?polis;2
Luciara;3
Lucr?cia;5
Luc?lia;9
Luisburgo;8
Luisl?ndia;8
Luiz Alves;9
Luiziana;3
Luizi?nia;3
Lumin?rias;2
Lunardelli;4
Lupion?polis;3
Lup?rcio;5
Lut?cia;1
Luz;5
Luzerna;1
Luzil?ndia;43
Luzin?polis;2
Luzi?nia;60
Lu?s Ant?nio;9
Lu?s Correia;57
Lu?s Domingues;10
Lu?s Eduardo Magalh?es;37
Lu?s Gomes;15
L?brea;134
Macajuba;9
Macambira;10
Macaparana;21
Macap?;98
Macarani;19
Macatuba;7
Macau;17
Macaubal;3
Maca?;112
Maca?ba;44
Maca?bas;81
Maced?nia;2
Macei?;144
Machacalis;5
Machadinho;5
Machadinho D'Oeste;22
Machado;14
Machados;13
Macieira;2
Macuco;4
Macurur?;13
Madalena;18
Madeiro;12
Madre de Deus;7
Madre de Deus de Minas;2
Maetinga;11
Mafra;29
Magalh?es Barata;19
Magalh?es de Almeida;29
Magda;2
Mag?;105
Maiquinique;9
Mairi;16
Mairinque;34
Mairipor?;44
Mairipotaba;1
Major Gercino;5
Major Isidoro;15
Major Sales;2
Major Vieira;4
Malacacheta;7
Malhada;25
Malhada de Pedras;9
Malhada dos Bois;6
Malhador;11
Mallet;8
Malta;4
Mamanguape;25
Mamba?;3
Mambor?;8
Mamonas;3
Mampituba;3
Manacapuru;126
Manaquiri;39
Manari;23
Manaus;505
Mana?ra;25
Mandaguari;16
Mandagua?u;11
Mandirituba;9
Manduri;6
Manfrin?polis;3
Manga;20
Mangaratiba;41
Mangueirinha;12
Manhua?u;53
Manhumirim;13
Manicor?;148
Manoel Em?dio;8
Manoel Ribas;8
Manoel Urbano;24
Manoel Viana;4
Manoel Vitorino;23
Mansid?o;18
Mantena;9
Manten?polis;8
Maquin?;10
Mar Vermelho;5
Mar de Espanha;6
Mara Rosa;4
Marab?;197
Marab? Paulista;4
Maracaju;17
Maracaj?;4
Maracana?;82
Maracan?;85
Maraca?;8
Maraca?um?;24
Marac?s;37
Maragogi;33
Maragogipe;56
Maraial;13
Maraj? do Sena;37
Maranguape;82
Maranh?ozinho;28
Marapanim;56
Marapoama;2
Marata?zes;35
Marat?;5
Marau;25
Maravilha;23
Maravilhas;3
Mara?;152
Marca??o;12
Marcelino Ramos;5
Marcelino Vieira;13
Marcel?ndia;7
Marcion?lio Souza;18
Marco;25
Marcol?ndia;8
Marcos Parente;4
Marechal C?ndido Rondon;25
Marechal Deodoro;25
Marechal Floriano;14
Marechal Thaumaturgo;50
Marema;2
Mari;20
Maria Helena;3
Maria da F?;10
Marialva;14
Mariana;25
Mariana Pimentel;3
Mariano Moro;1
Marian?polis do Tocantins;5
Maribondo;13
Maric?;65
Marilac;2
Marilena;4
Mariluz;6
Maril?ndia;22
Maril?ndia do Sul;6
Maring?;116
Marin?polis;1
Marip?;4
Marip? de Minas;2
Marituba;66
Mariz?polis;9
Mari?polis;7
Marli?ria;3
Marmeleiro;8
Marmel?polis;3
Marques de Souza;2
Marquinho;4
Martinho Campos;9
Martins;8
Martins Soares;9
Martin?pole;17
Martin?polis;11
Maruim;12
Marumbi;3
Marzag?o;1
Mar?lia;61
Mascote;18
Massap?;35
Massap? do Piau?;11
Massaranduba;37
Mata;4
Mata Grande;38
Mata Roma;25
Mata Verde;3
Mata de S?o Jo?o;35
Mataraca;7
Mateiros;6
Matel?ndia;13
Materl?ndia;5
Mateus Leme;11
Mathias Lobato;3
Matias Barbosa;6
Matias Cardoso;12
Matias Ol?mpio;21
Matina;11
Matinha;52
Matinhas;13
Matinhos;22
Matip?;11
Mato Castelhano;3
Mato Grosso;9
Mato Leit?o;3
Mato Queimado;3
Mato Rico;3
Mato Verde;8
Matos Costa;2
Matozinhos;15
Matrinch?;2
Matriz de Camaragibe;15
Matup?;7
Matur?ia;6
Matutina;4
Mat?es;55
Mat?es do Norte;49
Mat?o;28
Mauril?ndia;5
Mauril?ndia do Tocantins;3
Mauriti;38
Mau?;44
Mau? da Serra;6
Mau?s;168
Maxaranguape;14
Maximiliano de Almeida;3
Mazag?o;56
Ma?ambar?;3
Medeiros;4
Medeiros Neto;34
Medianeira;21
Medicil?ndia;36
Medina;13
Meleiro;4
Melga?o;54
Mendes;13
Mendes Pimentel;4
Mendon?a;3
Mercedes;5
Merc?s;6
Meridiano;3
Meruoca;13
Mesquita;44
Messias;11
Messias Targino;5
Mes?polis;1
Miguel Alves;44
Miguel Calmon;41
Miguel Le?o;2
Miguel Pereira;28
Miguel?polis;10
Milagres;31
Milagres do Maranh?o;18
Milh?;7
Milton Brand?o;21
Mimoso de Goi?s;8
Mimoso do Sul;19
Minador do Negr?o;4
Minas Novas;35
Minas do Le?o;4
Mina?u;16
Minduri;2
Mineiros;32
Mineiros do Tiet?;7
Ministro Andreazza;5
Mira Estrela;3
Mirabela;8
Miracatu;18
Miracema;23
Miracema do Tocantins;11
Mirador;37
Miradouro;12
Miragua?;6
Miranda;14
Miranda do Norte;26
Mirandiba;23
Mirand?polis;15
Mirangaba;25
Miranorte;6
Mirante;15
Mirante da Serra;5
Mirante do Paranapanema;9
Miraselva;2
Mirassol;16
Mirassol d'Oeste;8
Mirassol?ndia;5
Mirav?nia;8
Mira?;8
Mira?ma;11
Mirim Doce;5
Mirinzal;26
Missal;9
Miss?o Velha;32
Mocajuba;54
Mococa;25
Modelo;4
Moeda;4
Moema;4
Mogeiro;21
Mogi Gua?u;68
Mogi Mirim;37
Mogi das Cruzes;111
Moipor?;2
Moita Bonita;8
Moju;165
Moju? dos Campos;59
Momba?a;38
Mombuca;4
Monda?;5
Mongagu?;38
Monjolos;3
Monsenhor Gil;17
Monsenhor Hip?lito;10
Monsenhor Paulo;3
Monsenhor Tabosa;17
Montadas;7
Montalv?nia;16
Montanha;17
Montanhas;12
Montauri;2
Monte Alegre;156
Monte Alegre de Goi?s;13
Monte Alegre de Minas;11
Monte Alegre de Sergipe;9
Monte Alegre do Piau?;13
Monte Alegre do Sul;6
Monte Alegre dos Campos;5
Monte Alto;23
Monte Apraz?vel;13
Monte Azul;13
Monte Azul Paulista;13
Monte Belo;5
Monte Belo do Sul;2
Monte Carlo;11
Monte Carmelo;18
Monte Castelo;10
Monte Formoso;10
Monte Horebe;5
Monte Mor;31
Monte Negro;6
Monte Santo;72
Monte Santo de Minas;7
Monte Santo do Tocantins;5
Monte Si?o;12
Monte das Gameleiras;10
Monte do Carmo;4
Monteiro;18
Monteiro Lobato;5
Monteir?polis;10
Montenegro;28
Montes Altos;14
Montes Claros;98
Montes Claros de Goi?s;6
Montezuma;6
Montividiu;8
Montividiu do Norte;5
Mon??es;2
Mon??o;96
Morada Nova;29
Morada Nova de Minas;9
Mora?jo;11
Moreil?ndia;10
Moreira Sales;10
Moreno;28
Morma?o;5
Morpar?;10
Morretes;16
Morrinhos;38
Morrinhos do Sul;3
Morro Agudo;18
Morro Agudo de Goi?s;3
Morro Cabe?a no Tempo;8
Morro Grande;3
Morro Redondo;5
Morro Reuter;6
Morro da Fuma?a;12
Morro da Gar?a;5
Morro do Chap?u;40
Morro do Chap?u do Piau?;14
Morro do Pilar;2
Morros;36
Mortugaba;14
Morungaba;10
Mossor?;96
Moss?medes;5
Mostardas;13
Motuca;3
Mozarl?ndia;6
Muan?;40
Mucaja?;13
Mucambo;11
Mucug?;23
Mucuri;26
Mucurici;7
Muitos Cap?es;1
Muliterno;4
Mulungu;21
Mulungu do Morro;14
Mundo Novo;38
Munhoz;3
Munhoz de Melo;2
Muniz Ferreira;19
Muniz Freire;13
Muqui;10
Muqu?m do S?o Francisco;21
Muria?;37
Muribeca;12
Murici;24
Murici dos Portelas;15
Muricil?ndia;6
Muritiba;22
Murutinga do Sul;1
Mutum;28
Mutun?polis;2
Mutu?pe;37
Muzambinho;9
Mu?um;5
M?e d'?gua;7
M?e do Rio;46
M?ncio Lima;31
M?rio Campos;6
Nacip Raydan;3
Nantes;2
Nanuque;13
Naque;2
Narandiba;5
Natal;146
Natal?ndia;2
Natividade;16
Natividade da Serra;5
Natuba;19
Nat?rcia;3
Navegantes;48
Navira?;14
Nazareno;2
Nazarezinho;9
Nazar?;40
Nazar? Paulista;13
Nazar? da Mata;13
Nazar? do Piau?;7
Naz?ria;12
Naz?rio;4
Nepomuceno;11
Ner?polis;8
Neves Paulista;4
Ne?polis;17
Nhamund?;55
Nhandeara;7
Nicolau Vergueiro;2
Nilo Pe?anha;35
Nil?polis;34
Nina Rodrigues;35
Ninheira;11
Nioaque;8
Nipo?;3
Niquel?ndia;20
Niter?i;94
Nobres;7
Nonoai;6
Nordestina;10
Normandia;67
Nortel?ndia;2
Nossa Senhora Aparecida;11
Nossa Senhora da Gl?ria;16
Nossa Senhora das Dores;21
Nossa Senhora das Gra?as;3
Nossa Senhora de Lourdes;6
Nossa Senhora de Nazar?;14
Nossa Senhora do Livramento;18
Nossa Senhora do Socorro;47
Nossa Senhora dos Rem?dios;25
Nova Alian?a;6
Nova Alian?a do Iva?;3
Nova Alvorada;4
Nova Alvorada do Sul;10
Nova Am?rica;3
Nova Am?rica da Colina;2
Nova Andradina;19
Nova Ara??;3
Nova Aurora;11
Nova Bandeirantes;8
Nova Bassano;4
Nova Bel?m;14
Nova Boa Vista;1
Nova Brasil?ndia;2
Nova Brasil?ndia D'Oeste;6
Nova Br?scia;2
Nova Campina;8
Nova Cana?;15
Nova Cana? Paulista;2
Nova Cana? do Norte;7
Nova Candel?ria;3
Nova Cantu;5
Nova Castilho;2
Nova Colinas;8
Nova Crix?s;8
Nova Cruz;30
Nova Era;5
Nova Erechim;2
Nova Esperan?a;14
Nova Esperan?a do Piri?;47
Nova Esperan?a do Sudoeste;4
Nova Esperan?a do Sul;2
Nova Europa;7
Nova Floresta;8
Nova Friburgo;123
Nova F?tima;17
Nova Gl?ria;7
Nova Granada;6
Nova Guarita;3
Nova Guataporanga;2
Nova Hartz;13
Nova Ibi?;20
Nova Igua?u;139
Nova Igua?u de Goi?s;2
Nova Independ?ncia;4
Nova Iorque;4
Nova Ipixuna;20
Nova Itaberaba;4
Nova Itarana;10
Nova Lacerda;6
Nova Laranjeiras;9
Nova Lima;25
Nova Londrina;9
Nova Luzit?nia;2
Nova Mamor?;50
Nova Maril?ndia;2
Nova Maring?;4
Nova Monte Verde;6
Nova Mutum;16
Nova M?dica;6
Nova Nazar?;10
Nova Odessa;25
Nova Olinda;26
Nova Olinda do Maranh?o;34
Nova Olinda do Norte;61
Nova Ol?mpia;8
Nova Palma;4
Nova Palmeira;3
Nova Petr?polis;13
Nova Ponte;7
Nova Porteirinha;7
Nova Prata;12
Nova Prata do Igua?u;6
Nova P?dua;1
Nova Ramada;1
Nova Reden??o;8
Nova Resende;9
Nova Roma;6
Nova Roma do Sul;2
Nova Rosal?ndia;2
Nova Russas;30
Nova Santa B?rbara;3
Nova Santa Helena;4
Nova Santa Rita;20
Nova Santa Rosa;6
Nova Serrana;35
Nova Soure;18
Nova Tebas;9
Nova Timboteua;23
Nova Trento;9
Nova Ubirat?;13
Nova Uni?o;7
Nova Veneza;14
Nova Ven?cia;57
Nova Vi?osa;36
Nova Xavantina;5
Novais;2
Novo Acordo;4
Novo Air?o;21
Novo Alegre;1
Novo Aripuan?;45
Novo Barreiro;3
Novo Brasil;2
Novo Cabrais;5
Novo Cruzeiro;23
Novo Gama;33
Novo Hamburgo;90
Novo Horizonte;48
Novo Horizonte do Norte;3
Novo Horizonte do Oeste;4
Novo Horizonte do Sul;2
Novo Itacolomi;2
Novo Jardim;2
Novo Lino;14
Novo Machado;3
Novo Mundo;8
Novo Oriente;25
Novo Oriente de Minas;12
Novo Oriente do Piau?;10
Novo Planalto;2
Novo Progresso;26
Novo Repartimento;110
Novo Santo Ant?nio;7
Novo S?o Joaquim;7
Novo Tiradentes;4
Novo Triunfo;12
Novo Xingu;3
Novorizonte;9
Nuporanga;5
N?o-Me-Toque;10
N?sia Floresta;27
Ocara;19
Ocau?u;2
Oeiras;28
Oeiras do Par?;47
Oiapoque;22
Olaria;2
Olho D'?gua do Piau?;8
Olho d'?gua;9
Olho d'?gua Grande;17
Olho d'?gua das Cunh?s;32
Olho d'?gua das Flores;10
Olho d'?gua do Borges;7
Olho d'?gua do Casado;7
Olhos-d'?gua;11
Olinda;72
Olinda Nova do Maranh?o;28
Olindina;22
Olivedos;13
Oliveira;17
Oliveira Fortes;2
Oliveira de F?tima;1
Oliveira dos Brejinhos;15
Oliven?a;9
Ol?mpia;27
Ol?mpio Noronha;1
Onda Verde;3
On?a de Pitangui;5
Orat?rios;3
Oriente;2
Orindi?va;4
Oriximin?;85
Orizona;13
Oriz?nia;8
Orleans;16
Orl?ndia;25
Orob?;24
Oroc?;26
Ortigueira;16
Or?s;15
Osasco;150
Oscar Bressane;2
Osvaldo Cruz;16
Os?rio;26
Otac?lio Costa;12
Ouricuri;55
Ouril?ndia do Norte;31
Ourinhos;45
Ourizona;2
Ouri?angas;11
Ouro;5
Ouro Branco;34
Ouro Fino;10
Ouro Preto;45
Ouro Preto do Oeste;15
Ouro Velho;5
Ouro Verde;7
Ouro Verde de Goi?s;2
Ouro Verde de Minas;8
Ouro Verde do Oeste;3
Ouroeste;6
Ourol?ndia;15
Our?m;43
Ouvidor;1
Pacaembu;5
Pacajus;39
Pacaj?;131
Pacaraima;12
Pacatuba;54
Pacoti;11
Pacuj?;8
Padre Bernardo;22
Padre Carvalho;8
Padre Marcos;9
Padre Para?so;19
Paes Landim;4
Pai Pedro;6
Paial;1
Paim Filho;2
Paineiras;3
Painel;2
Pains;3
Paiva;2
Pai?andu;15
Paje? do Piau?;4
Palestina;19
Palestina de Goi?s;2
Palestina do Par?;8
Palhano;8
Palho?a;60
Palma;4
Palma Sola;8
Palmares;54
Palmares Paulista;6
Palmares do Sul;9
Palmas;100
Palmas de Monte Alto;33
Palmeira;23
Palmeira d'Oeste;3
Palmeira das Miss?es;17
Palmeira do Piau?;7
Palmeira dos ?ndios;33
Palmeirais;16
Palmeirante;4
Palmeiras;12
Palmeiras de Goi?s;7
Palmeiras do Tocantins;3
Palmeirina;15
Palmeir?ndia;49
Palmeir?polis;3
Palmelo;2
Palmin?polis;3
Palmital;24
Palmitinho;6
Palmitos;9
Palm?cia;10
Palm?polis;6
Palotina;15
Panambi;23
Panam?;2
Pancas;26
Panelas;41
Panorama;9
Pantano Grande;6
Papagaios;8
Papanduva;14
Paquet?;12
Paracambi;20
Paracatu;37
Paracuru;25
Paragominas;76
Paragua?u;6
Paragua?u Paulista;24
Paraibano;28
Paraibuna;14
Paraipaba;27
Parais?polis;6
Parambu;57
Paramirim;20
Paramoti;16
Paranacity;5
Paranagu?;73
Paranaiguara;2
Paranapanema;13
Paranapoema;2
Paranapu?;2
Paranatama;20
Paranatinga;18
Paranava?;32
Parana?ba;12
Parana?ta;7
Paranhos;10
Paran?;24
Paraopeba;7
Parapu?;6
Parari;7
Paratinga;50
Paraty;34
Parauapebas;72
Parazinho;4
Para?;5
Para?ba do Sul;28
Para?na;6
Para?so;7
Para?so das ?guas;2
Para?so do Norte;5
Para?so do Sul;8
Para?so do Tocantins;15
Pardinho;5
Pareci Novo;4
Parecis;3
Parelhas;18
Pariconha;19
Parintins;146
Paripiranga;16
Paripueira;5
Pariquera-A?u;8
Parisi;3
Parnagu?;15
Parnamirim;93
Parnarama;43
Parna?ba;90
Parob?;28
Par? de Minas;33
Passa Quatro;8
Passa Sete;4
Passa Tempo;3
Passa Vinte;2
Passa e Fica;18
Passab?m;2
Passagem;10
Passagem Franca;29
Passagem Franca do Piau?;10
Passira;23
Passo Fundo;71
Passo de Camaragibe;18
Passo de Torres;5
Passo do Sobrado;5
Passos;24
Passos Maia;4
Pastos Bons;32
Patis;6
Pato Bragado;2
Pato Branco;41
Patos;48
Patos de Minas;33
Patos do Piau?;8
Patroc?nio;28
Patroc?nio Paulista;6
Patroc?nio do Muria?;2
Patu;10
Paty do Alferes;20
Pau Brasil;8
Pau D'Arco;14
Pau D'Arco do Piau?;5
Pau dos Ferros;19
Paudalho;28
Pauini;80
Paula C?ndido;3
Paula Freitas;6
Paulic?ia;4
Paulino Neves;55
Paulista;76
Paulistana;19
Paulistas;5
Paulist?nia;3
Paulo Afonso;66
Paulo Bento;3
Paulo Frontin;5
Paulo Jacinto;8
Paulo Lopes;9
Paulo Ramos;39
Paulo de Faria;6
Paul?nia;58
Paverama;11
Pavussu;8
Pav?o;3
Pa?o do Lumiar;67
Peabiru;9
Pederneiras;24
Pedra;25
Pedra Azul;11
Pedra Bela;9
Pedra Bonita;10
Pedra Branca;47
Pedra Branca do Amapari;14
Pedra Dourada;2
Pedra Grande;6
Pedra Lavrada;6
Pedra Mole;7
Pedra Preta;18
Pedra do Anta;2
Pedra do Indai?;4
Pedralva;6
Pedran?polis;2
Pedras Altas;5
Pedras Grandes;5
Pedras de Fogo;26
Pedras de Maria da Cruz;8
Pedregulho;15
Pedreira;25
Pedreiras;34
Pedrinhas;6
Pedrinhas Paulista;3
Pedrin?polis;3
Pedro Afonso;5
Pedro Alexandre;40
Pedro Avelino;12
Pedro Can?rio;15
Pedro Gomes;4
Pedro II;54
Pedro Laurentino;3
Pedro Leopoldo;31
Pedro Os?rio;3
Pedro R?gis;9
Pedro Teixeira;2
Pedro Velho;22
Pedro de Toledo;11
Pedro do Ros?rio;79
Pedr?o;19
Peixe;9
Peixe-Boi;16
Peixoto de Azevedo;12
Peju?ara;2
Pelotas;94
Penaforte;8
Penalva;80
Pend?ncias;11
Penedo;29
Penha;23
Pentecoste;30
Pen?polis;39
Pequeri;4
Pequi;2
Pequizeiro;4
Perdig?o;5
Perdizes;9
Perd?es;7
Pereira Barreto;15
Pereiras;7
Pereiro;17
Peri Mirim;39
Periquito;8
Peritiba;2
Peritor?;42
Perobal;5
Perol?ndia;3
Peru?be;38
Pescador;2
Pescaria Brava;13
Pesqueira;47
Petrolina;133
Petrolina de Goi?s;5
Petrol?ndia;52
Petr?polis;172
Pe?anha;10
Piacatu;3
Pianc?;11
Piat?;19
Piau;1
Pia?abu?u;15
Picada Caf?;4
Picos;56
Picu?;16
Piedade;33
Piedade de Caratinga;3
Piedade de Ponte Nova;2
Piedade do Rio Grande;3
Piedade dos Gerais;5
Pilar;33
Pilar de Goi?s;2
Pilar do Sul;14
Pil?es;13
Pil?ezinhos;10
Pil?o Arcado;41
Pimenta;3
Pimenta Bueno;18
Pimenteiras;19
Pimenteiras do Oeste;2
Pindamonhangaba;59
Pindar?-Mirim;57
Pinda?;18
Pindoba;3
Pindoba?u;33
Pindorama;10
Pindorama do Tocantins;2
Pindoretama;19
Pingo d'?gua;3
Pinhais;44
Pinhal;3
Pinhal Grande;7
Pinhal da Serra;3
Pinhal de S?o Bento;2
Pinhalzinho;24
Pinhal?o;6
Pinheiral;19
Pinheirinho do Vale;6
Pinheiro;132
Pinheiro Machado;8
Pinheiro Preto;3
Pinheiros;23
Pinh?o;31
Pintadas;10
Pinto Bandeira;3
Pint?polis;6
Pio IX;17
Pio XII;44
Piquerobi;2
Piquet Carneiro;11
Piquete;5
Piracaia;18
Piracanjuba;16
Piracema;5
Piracicaba;127
Piracuruca;15
Piraju;21
Pirajuba;2
Piraju?;10
Pirambu;10
Piranga;11
Pirangi;4
Piranguinho;6
Pirangu?u;5
Piranhas;18
Pirapemas;51
Pirapetinga;6
Pirapora;20
Pirapora do Bom Jesus;17
Pirapozinho;14
Pirap?;4
Piraquara;38
Piraqu?;5
Pirassununga;38
Piratini;13
Piratininga;4
Piratuba;6
Pira?;21
Pira? do Norte;32
Pira? do Sul;13
Pira?ba;5
Piren?polis;14
Pires Ferreira;16
Pires do Rio;10
Piripiri;52
Pirip?;12
Piritiba;23
Pirpirituba;12
Pitanga;21
Pitangueiras;17
Pitangui;11
Pitimbu;22
Pium;6
Piumhi;16
Pi?arra;24
Pi?ma;15
Pi?n;11
Placas;61
Planaltina;46
Planaltina do Paran?;3
Planaltino;14
Planalto;43
Planalto Alegre;4
Planalto da Serra;3
Planura;3
Platina;2
Pl?cido de Castro;13
Pocinhos;18
Pocon?;17
Pocrane;8
Pojuca;16
Poloni;2
Pombal;30
Pombos;29
Pomerode;19
Pomp?ia;7
Pomp?u;16
Ponga?;2
Ponta Grossa;150
Ponta Por?;27
Ponta de Pedras;50
Pontal;16
Pontal do Araguaia;2
Pontal do Paran?;20
Pontalina;10
Pontalinda;2
Ponte Alta;6
Ponte Alta do Bom Jesus;5
Ponte Alta do Norte;4
Ponte Alta do Tocantins;6
Ponte Branca;2
Ponte Nova;24
Ponte Preta;2
Ponte Serrada;9
Pontes Gestal;2
Pontes e Lacerda;11
Ponto Belo;6
Ponto Chique;3
Ponto Novo;29
Ponto dos Volantes;14
Pont?o;3
Populina;2
Poranga;16
Porangaba;3
Porangatu;19
Porci?ncula;12
Porecatu;6
Portalegre;10
Porteiras;16
Porteirinha;21
Porteir?o;2
Portel;165
Portel?ndia;2
Porto;21
Porto Acre;21
Porto Alegre;98
Porto Alegre do Norte;4
Porto Alegre do Piau?;4
Porto Alegre do Tocantins;3
Porto Amazonas;4
Porto Barreiro;5
Porto Belo;14
Porto Calvo;15
Porto Esperidi?o;6
Porto Estrela;4
Porto Feliz;29
Porto Ferreira;28
Porto Firme;9
Porto Franco;35
Porto Grande;15
Porto Lucena;3
Porto Mau?;2
Porto Murtinho;10
Porto Nacional;29
Porto Real;11
Porto Real do Col?gio;23
Porto Rico;2
Porto Rico do Maranh?o;12
Porto Seguro;105
Porto Uni?o;22
Porto Velho;141
Porto Vera Cruz;2
Porto Vit?ria;5
Porto Walter;35
Porto Xavier;7
Porto da Folha;23
Porto de Moz;97
Porto de Pedras;15
Porto do Mangue;5
Porto dos Ga?chos;5
Port?o;19
Posse;18
Potengi;7
Potim;12
Potiragu?;15
Potirendaba;8
Potiretama;8
Pot?;11
Pouso Alegre;34
Pouso Alto;5
Pouso Novo;2
Pouso Redondo;12
Poxor?u;9
Po?;44
Po?o Branco;12
Po?o Dantas;11
Po?o Fundo;7
Po?o Redondo;29
Po?o Verde;14
Po?o das Antas;2
Po?o das Trincheiras;11
Po?o de Jos? de Moura;12
Po?os de Caldas;70
Po??es;37
Po??o;14
Po??o de Pedras;49
Pracinha;2
Pracu?ba;6
Prado;32
Prado Ferreira;3
Prados;6
Prad?polis;10
Praia Grande;86
Praia Norte;13
Prainha;100
Pranchita;7
Prata;12
Prata do Piau?;4
Pratinha;2
Prat?nia;3
Prat?polis;3
Presidente Alves;2
Presidente Bernardes;15
Presidente Castello Branco;4
Presidente Castelo Branco;4
Presidente Dutra;54
Presidente Epit?cio;15
Presidente Figueiredo;25
Presidente Get?lio;15
Presidente Juscelino;29
Presidente J?nio Quadros;20
Presidente Kennedy;24
Presidente Kubitschek;2
Presidente Lucena;5
Presidente M?dici;28
Presidente Nereu;2
Presidente Oleg?rio;14
Presidente Prudente;62
Presidente Sarney;43
Presidente Tancredo Neves;46
Presidente Vargas;37
Presidente Venceslau;17
Primavera;23
Primavera de Rond?nia;3
Primavera do Leste;22
Primeira Cruz;54
Primeiro de Maio;7
Princesa;3
Princesa Isabel;15
Professor Jamil;1
Progresso;7
Promiss?o;18
Propri?;10
Prot?sio Alves;2
Prudente de Morais;6
Prudent?polis;52
Pugmil;3
Pureza;10
Putinga;3
Puxinan?;15
P? de Serra;19
P?o de A??car;26
P?rola;5
P?rola d'Oeste;5
Quadra;3
Quara?;14
Quartel Geral;2
Quarto Centen?rio;4
Quatigu?;3
Quatipuru;13
Quatis;12
Quatro Barras;16
Quatro Irm?os;2
Quatro Pontes;2
Quat?;5
Quebrangulo;6
Quedas do Igua?u;26
Queimada Nova;5
Queimadas;54
Queimados;34
Queiroz;3
Queluz;6
Queluzito;1
Quer?ncia;12
Quer?ncia do Norte;7
Quevedos;3
Quijingue;51
Quilombo;6
Quinta do Sol;2
Quintana;4
Quinze de Novembro;5
Quipap?;15
Quirin?polis;17
Quissam?;17
Quitandinha;9
Quiterian?polis;29
Quixaba;13
Quixabeira;22
Quixad?;58
Quixel?;16
Quixeramobim;82
Quixer?;16
Rafael Fernandes;4
Rafael Godeiro;7
Rafael Jambeiro;27
Rafard;6
Ramil?ndia;2
Rancharia;23
Rancho Alegre;2
Rancho Alegre D'Oeste;3
Rancho Queimado;3
Raposa;19
Raposos;9
Raul Soares;12
Realeza;13
Rebou?as;11
Recife;320
Recreio;6
Recursol?ndia;4
Redentora;5
Reden??o;66
Reden??o da Serra;1
Reden??o do Gurgu?ia;9
Reduto;7
Regenera??o;12
Regente Feij?;14
Regin?polis;3
Registro;39
Relvado;2
Remanso;84
Rem?gio;22
Renascen?a;2
Reriutaba;22
Resende;62
Resende Costa;6
Reserva;16
Reserva do Caba?al;2
Reserva do Igua?u;6
Resplendor;10
Ressaquinha;5
Restinga;4
Restinga S?ca;10
Retirol?ndia;13
Riachinho;8
Riacho Frio;5
Riacho da Cruz;2
Riacho das Almas;24
Riacho de Santana;33
Riacho de Santo Ant?nio;4
Riacho dos Cavalos;21
Riacho dos Machados;9
Riachuelo;16
Riach?o;31
Riach?o das Neves;43
Riach?o do Bacamarte;9
Riach?o do Dantas;30
Riach?o do Jacu?pe;31
Riach?o do Po?o;8
Rialma;5
Rian?polis;2
Ribamar Fiquene;17
Ribas do Rio Pardo;10
Ribeira;6
Ribeira do Amparo;26
Ribeira do Piau?;11
Ribeira do Pombal;36
Ribeiro Gon?alves;8
Ribeir?o;32
Ribeir?o Bonito;9
Ribeir?o Branco;14
Ribeir?o Cascalheira;10
Ribeir?o Claro;9
Ribeir?o Corrente;4
Ribeir?o Grande;11
Ribeir?o Pires;33
Ribeir?o Preto;108
Ribeir?o Vermelho;3
Ribeir?o das Neves;54
Ribeir?o do Largo;19
Ribeir?o do Pinhal;9
Ribeir?o do Sul;3
Ribeir?o dos ?ndios;3
Ribeir?ozinho;3
Ribeir?polis;9
Rifaina;2
Rinc?o;6
Rin?polis;4
Rio Acima;7
Rio Azul;12
Rio Bananal;26
Rio Bom;3
Rio Bonito;39
Rio Bonito do Igua?u;11
Rio Branco;83
Rio Branco do Iva?;5
Rio Branco do Sul;28
Rio Brilhante;21
Rio Casca;9
Rio Claro;80
Rio Crespo;2
Rio Doce;2
Rio Espera;5
Rio Formoso;21
Rio Fortuna;3
Rio Grande;73
Rio Grande da Serra;10
Rio Grande do Piau?;6
Rio Largo;39
Rio Manso;3
Rio Maria;13
Rio Negrinho;32
Rio Negro;22
Rio Novo;5
Rio Novo do Sul;11
Rio Parana?ba;11
Rio Pardo;27
Rio Pardo de Minas;14
Rio Piracicaba;9
Rio Pomba;4
Rio Preto;5
Rio Preto da Eva;20
Rio Quente;1
Rio Real;42
Rio Rufino;5
Rio Sono;7
Rio Tinto;24
Rio Verde;69
Rio Verde de Mato Grosso;8
Rio Vermelho;14
Rio da Concei??o;2
Rio das Antas;5
Rio das Flores;11
Rio das Ostras;49
Rio das Pedras;18
Rio de Contas;11
Rio de Janeiro;1563
Rio do Ant?nio;12
Rio do Campo;8
Rio do Fogo;13
Rio do Oeste;6
Rio do Pires;15
Rio do Prado;2
Rio do Sul;32
Rio dos Bois;4
Rio dos Cedros;4
Rio dos ?ndios;5
Riol?ndia;5
Riozinho;9
Riqueza;3
Rit?polis;4
Riversul;4
Roca Sales;5
Rochedo;3
Rochedo de Minas;2
Rodeio;10
Rodeio Bonito;4
Rodeiro;3
Rodelas;14
Rodolfo Fernandes;3
Rodrigues Alves;46
Rolador;4
Rolante;20
Rolim de Moura;13
Rol?ndia;21
Romaria;2
Romel?ndia;7
Roncador;8
Ronda Alta;4
Rondinha;2
Rondol?ndia;8
Rondon;4
Rondon do Par?;31
Rondon?polis;70
Roque Gonzales;6
Rorain?polis;31
Rosana;7
Roseira;10
Ros?rio;61
Ros?rio Oeste;8
Ros?rio da Limeira;3
Ros?rio do Catete;6
Ros?rio do Iva?;5
Ros?rio do Sul;13
Roteiro;7
Rubelita;8
Rubiataba;12
Rubim;6
Rubin?ia;3
Rubi?cea;4
Rur?polis;62
Russas;34
Ruy Barbosa;46
Sabar?;30
Sabino;4
Sabin?polis;9
Saboeiro;14
Sab?udia;4
Sacramento;9
Sagrada Fam?lia;2
Sagres;2
Sair?;14
Saldanha Marinho;2
Sales;3
Sales Oliveira;3
Sales?polis;9
Salete;6
Salgadinho;19
Salgado;24
Salgado Filho;2
Salgado de S?o F?lix;15
Salgueiro;22
Salinas;20
Salinas da Margarida;25
Salin?polis;25
Salitre;25
Salmour?o;2
Salo?;15
Saltinho;9
Salto;16
Salto Grande;4
Salto Veloso;3
Salto da Divisa;3
Salto de Pirapora;24
Salto do C?u;1
Salto do Itarar?;4
Salto do Jacu?;11
Salto do Lontra;10
Salvador;428
Salvador das Miss?es;2
Salvador do Sul;5
Salvaterra;46
Samba?ba;11
Sampaio;2
Sananduva;9
Sanclerl?ndia;3
Sandol?ndia;2
Sandovalina;2
Sang?o;6
Sanhar?;16
Sant'Ana do Livramento;41
Santa Ad?lia;11
Santa Albertina;4
Santa Am?lia;3
Santa Branca;9
Santa Br?gida;23
Santa B?rbara;39
Santa B?rbara d'Oeste;53
Santa B?rbara de Goi?s;3
Santa B?rbara do Leste;5
Santa B?rbara do Monte Verde;4
Santa B?rbara do Par?;22
Santa B?rbara do Sul;9
Santa B?rbara do Tug?rio;3
Santa Carmem;2
Santa Cec?lia;27
Santa Cec?lia do Pav?o;2
Santa Cec?lia do Sul;2
Santa Clara d'Oeste;2
Santa Clara do Sul;5
Santa Cruz;39
Santa Cruz Cabr?lia;28
Santa Cruz da Baixa Verde;8
Santa Cruz da Concei??o;4
Santa Cruz da Esperan?a;3
Santa Cruz da Vit?ria;6
Santa Cruz das Palmeiras;11
Santa Cruz de Goi?s;3
Santa Cruz de Minas;1
Santa Cruz de Monte Castelo;8
Santa Cruz de Salinas;7
Santa Cruz do Arari;19
Santa Cruz do Capibaribe;25
Santa Cruz do Escalvado;4
Santa Cruz do Piau?;3
Santa Cruz do Rio Pardo;21
Santa Cruz do Sul;47
Santa Cruz do Xingu;3
Santa Cruz dos Milagres;6
Santa Efig?nia de Minas;5
Santa Ernestina;5
Santa Filomena;28
Santa Filomena do Maranh?o;20
Santa F?;5
Santa F? de Goi?s;3
Santa F? de Minas;3
Santa F? do Araguaia;7
Santa F? do Sul;21
Santa Gertrudes;16
Santa Helena;123
Santa Helena de Goi?s;12
Santa Helena de Minas;2
Santa In?s;88
Santa Isabel;25
Santa Isabel do Iva?;5
Santa Isabel do Rio Negro;44
Santa Izabel do Oeste;10
Santa Izabel do Par?;51
Santa Juliana;7
Santa Leopoldina;20
Santa Luz;7
Santa Luzia;219
Santa Luzia D'Oeste;3
Santa Luzia do Itanhy;21
Santa Luzia do Norte;7
Santa Luzia do Paru?;46
Santa Luzia do Par?;30
Santa L?cia;7
Santa Margarida;18
Santa Margarida do Sul;1
Santa Maria;83
Santa Maria Madalena;15
Santa Maria da Boa Vista;47
Santa Maria da Serra;3
Santa Maria da Vit?ria;31
Santa Maria das Barreiras;21
Santa Maria de Itabira;4
Santa Maria de Jetib?;46
Santa Maria do Cambuc?;21
Santa Maria do Herval;5
Santa Maria do Oeste;12
Santa Maria do Par?;41
Santa Maria do Salto;4
Santa Maria do Sua?u?;10
Santa Maria do Tocantins;1
Santa Mariana;6
Santa Mercedes;4
Santa M?nica;4
Santa Quit?ria;39
Santa Quit?ria do Maranh?o;69
Santa Rita;119
Santa Rita d'Oeste;2
Santa Rita de Caldas;5
Santa Rita de C?ssia;45
Santa Rita de Ibitipoca;5
Santa Rita de Jacutinga;4
Santa Rita de Minas;3
Santa Rita do Araguaia;3
Santa Rita do Itueto;11
Santa Rita do Novo Destino;3
Santa Rita do Pardo;4
Santa Rita do Passa Quatro;15
Santa Rita do Sapuca?;16
Santa Rita do Tocantins;4
Santa Rita do Trivelato;3
Santa Rosa;33
Santa Rosa da Serra;4
Santa Rosa de Goi?s;1
Santa Rosa de Lima;9
Santa Rosa de Viterbo;13
Santa Rosa do Piau?;5
Santa Rosa do Purus;49
Santa Rosa do Sul;9
Santa Rosa do Tocantins;5
Santa Salete;1
Santa Teresa;19
Santa Teresinha;9
Santa Tereza;3
Santa Tereza de Goi?s;4
Santa Tereza do Oeste;8
Santa Tereza do Tocantins;2
Santa Terezinha;35
Santa Terezinha de Goi?s;8
Santa Terezinha de Itaipu;10
Santa Terezinha do Progresso;7
Santa Terezinha do Tocantins;3
Santa Vit?ria;10
Santa Vit?ria do Palmar;23
Santaluz;34
Santana;56
Santana da Boa Vista;8
Santana da Ponte Pensa;1
Santana da Vargem;3
Santana de Cataguases;2
Santana de Mangueira;13
Santana de Parna?ba;69
Santana de Pirapama;5
Santana do Acara?;23
Santana do Araguaia;27
Santana do Cariri;15
Santana do Deserto;6
Santana do Garamb?u;2
Santana do Ipanema;23
Santana do Itarar?;2
Santana do Jacar?;2
Santana do Manhua?u;12
Santana do Maranh?o;20
Santana do Matos;13
Santana do Munda?;26
Santana do Para?so;14
Santana do Piau?;9
Santana do Riacho;4
Santana do Serid?;5
Santana do S?o Francisco;5
Santana dos Garrotes;7
Santana dos Montes;5
Santan?polis;16
Santar?m;397
Santar?m Novo;16
Santiago;21
Santiago do Sul;2
Santo Afonso;2
Santo Amaro;62
Santo Amaro da Imperatriz;18
Santo Amaro das Brotas;7
Santo Amaro do Maranh?o;44
Santo Anast?cio;7
Santo Andr?;101
Santo Ant?nio;17
Santo Ant?nio da Alegria;5
Santo Ant?nio da Barra;3
Santo Ant?nio da Patrulha;30
Santo Ant?nio da Platina;25
Santo Ant?nio das Miss?es;10
Santo Ant?nio de Goi?s;2
Santo Ant?nio de Jesus;47
Santo Ant?nio de Lisboa;7
Santo Ant?nio de Posse;16
Santo Ant?nio de P?dua;29
Santo Ant?nio do Amparo;10
Santo Ant?nio do Aracangu?;6
Santo Ant?nio do Aventureiro;3
Santo Ant?nio do Caiu?;2
Santo Ant?nio do Descoberto;31
Santo Ant?nio do Grama;2
Santo Ant?nio do Itamb?;2
Santo Ant?nio do I??;43
Santo Ant?nio do Jacinto;11
Santo Ant?nio do Jardim;4
Santo Ant?nio do Leste;3
Santo Ant?nio do Leverger;20
Santo Ant?nio do Monte;13
Santo Ant?nio do Palma;1
Santo Ant?nio do Para?so;2
Santo Ant?nio do Pinhal;7
Santo Ant?nio do Planalto;2
Santo Ant?nio do Retiro;4
Santo Ant?nio do Rio Abaixo;2
Santo Ant?nio do Sudoeste;16
Santo Ant?nio do Tau?;55
Santo Ant?nio dos Lopes;43
Santo Ant?nio dos Milagres;4
Santo Augusto;8
Santo Cristo;8
Santo Est?v?o;35
Santo Expedito;2
Santo Expedito do Sul;3
Santo Hip?lito;5
Santo In?cio;3
Santo In?cio do Piau?;2
Santo ?ngelo;41
Santos;93
Santos Dumont;28
Sant?polis do Aguape?;4
Sapea?u;26
Sapezal;15
Sapiranga;33
Sapopema;7
Sapucaia;24
Sapucaia do Sul;31
Sapuca?-Mirim;6
Sap?;37
Saquarema;55
Sarandi;43
Sarapu?;7
Sardo?;7
Sarutai?;2
Sarzedo;12
Satuba;13
Satubinha;31
Saubara;16
Saudade do Igua?u;3
Saudades;9
Sa?de;13
Schroeder;19
Seabra;44
Seara;10
Sebastian?polis do Sul;3
Sebasti?o Barros;8
Sebasti?o Laranjeiras;23
Sebasti?o Leal;10
Seberi;5
Sede Nova;2
Segredo;5
Selbach;5
Selv?ria;5
Sem-Peixe;3
Sena Madureira;75
Senador Alexandre Costa;24
Senador Amaral;3
Senador Canedo;48
Senador Cortes;4
Senador El?i de Souza;6
Senador Firmino;4
Senador Georgino Avelino;4
Senador Guiomard;13
Senador Jos? Bento;2
Senador Jos? Porf?rio;31
Senador La Rocque;25
Senador Modestino Gon?alves;9
Senador Pompeu;17
Senador Rui Palmeira;16
Senador Salgado Filho;2
Senador S?;9
Seng?s;11
Senhor do Bonfim;58
Senhora de Oliveira;3
Senhora do Porto;4
Senhora dos Rem?dios;8
Sentinela do Sul;4
Sento S?;62
Serafina Corr?a;12
Sericita;8
Seringueiras;4
Seritinga;2
Serop?dica;44
Serra;141
Serra Alta;3
Serra Azul;6
Serra Azul de Minas;10
Serra Branca;10
Serra Caiada;14
Serra Dourada;13
Serra Grande;5
Serra Negra;16
Serra Negra do Norte;10
Serra Nova Dourada;2
Serra Preta;19
Serra Redonda;14
Serra Talhada;64
Serra da Raiz;8
Serra da Saudade;2
Serra de S?o Bento;9
Serra do Mel;15
Serra do Navio;5
Serra do Ramalho;39
Serra do Salitre;8
Serra dos Aimor?s;5
Serrana;18
Serrania;3
Serrano do Maranh?o;31
Serranos;1
Serran?polis;6
Serran?polis de Minas;7
Serran?polis do Igua?u;2
Serraria;7
Serrinha;87
Serrinha dos Pintos;6
Serrita;20
Serro;22
Serrol?ndia;9
Sertaneja;7
Sertan?polis;5
Sert?nia;30
Sert?o;4
Sert?o Santana;4
Sert?ozinho;57
Sete Barras;14
Sete Lagoas;52
Sete Quedas;4
Sete de Setembro;3
Setubinha;11
Severiano Melo;7
Severiano de Almeida;3
Sever?nia;13
Sider?polis;8
Sidrol?ndia;22
Sigefredo Pacheco;14
Silva Jardim;19
Silvan?polis;4
Silveira Martins;1
Silveiras;4
Silveir?nia;2
Silves;9
Silvian?polis;2
Silv?nia;10
Simol?ndia;4
Simon?sia;22
Simpl?cio Mendes;12
Sim?es;11
Sim?es Filho;79
Sim?o Dias;33
Sim?o Pereira;2
Sinimbu;10
Sinop;39
Siqueira Campos;15
Sirinha?m;30
Siriri;12
Sobradinho;30
Sobrado;16
Sobral;64
Sobr?lia;5
Socorro;27
Socorro do Piau?;5
Soledade;29
Soledade de Minas;3
Solid?o;5
Solon?pole;9
Sol?nea;20
Sombrio;18
Sonora;8
Sooretama;16
Sorocaba;175
Sorriso;36
Soss?go;5
Soure;21
Sousa;32
Souto Soares;17
Sucupira;2
Sucupira do Norte;17
Sucupira do Riach?o;10
Sud Mennucci;6
Sul Brasil;4
Sulina;1
Sumar?;38
Sumidouro;24
Sum?;11
Surubim;38
Sussuapara;8
Suzano;74
Suzan?polis;4
S?o Benedito;32
S?o Benedito do Rio Preto;49
S?o Benedito do Sul;20
S?o Bentinho;3
S?o Bento;103
S?o Bento Abade;3
S?o Bento do Norte;5
S?o Bento do Sapuca?;8
S?o Bento do Sul;48
S?o Bento do Tocantins;8
S?o Bento do Trair?;3
S?o Bento do Una;25
S?o Bernardino;2
S?o Bernardo;43
S?o Bernardo do Campo;179
S?o Bonif?cio;5
S?o Borja;30
S?o Braz do Piau?;9
S?o Br?s;12
S?o Br?s do Sua?u?;2
S?o Caetano de Odivelas;33
S?o Caetano do Sul;63
S?o Caitano;35
S?o Carlos;69
S?o Carlos do Iva?;2
S?o Crist?v?o;29
S?o Crist?v?o do Sul;6
S?o Desid?rio;36
S?o Domingos;45
S?o Domingos das Dores;5
S?o Domingos do Araguaia;34
S?o Domingos do Azeit?o;11
S?o Domingos do Capim;83
S?o Domingos do Cariri;2
S?o Domingos do Maranh?o;51
S?o Domingos do Norte;18
S?o Domingos do Prata;9
S?o Domingos do Sul;1
S?o Felipe;17
S?o Felipe D'Oeste;3
S?o Fernando;4
S?o Fid?lis;25
S?o Francisco;30
S?o Francisco de Assis;13
S?o Francisco de Assis do Piau?;7
S?o Francisco de Goi?s;1
S?o Francisco de Itabapoana;59
S?o Francisco de Paula;18
S?o Francisco de Sales;3
S?o Francisco do Brej?o;11
S?o Francisco do Conde;51
S?o Francisco do Gl?ria;2
S?o Francisco do Guapor?;8
S?o Francisco do Maranh?o;29
S?o Francisco do Oeste;4
S?o Francisco do Par?;35
S?o Francisco do Piau?;13
S?o Francisco do Sul;34
S?o F?lix;13
S?o F?lix de Balsas;13
S?o F?lix de Minas;1
S?o F?lix do Araguaia;5
S?o F?lix do Coribe;10
S?o F?lix do Piau?;7
S?o F?lix do Tocantins;3
S?o F?lix do Xingu;106
S?o Gabriel;62
S?o Gabriel da Cachoeira;214
S?o Gabriel da Palha;22
S?o Gabriel do Oeste;9
S?o Geraldo;3
S?o Geraldo da Piedade;3
S?o Geraldo do Araguaia;34
S?o Geraldo do Baixio;4
S?o Gon?alo;111
S?o Gon?alo do Abaet?;7
S?o Gon?alo do Amarante;102
S?o Gon?alo do Gurgu?ia;7
S?o Gon?alo do Par?;7
S?o Gon?alo do Piau?;5
S?o Gon?alo do Rio Abaixo;9
S?o Gon?alo do Rio Preto;2
S?o Gon?alo do Sapuca?;13
S?o Gon?alo dos Campos;23
S?o Gotardo;14
S?o Jer?nimo;12
S?o Jer?nimo da Serra;8
S?o Joaquim;24
S?o Joaquim da Barra;18
S?o Joaquim de Bicas;11
S?o Joaquim do Monte;10
S?o Jorge;2
S?o Jorge d'Oeste;8
S?o Jorge do Iva?;2
S?o Jorge do Patroc?nio;3
S?o Jos?;63
S?o Jos? da Barra;5
S?o Jos? da Bela Vista;5
S?o Jos? da Boa Vista;3
S?o Jos? da Coroa Grande;14
S?o Jos? da Lagoa Tapada;7
S?o Jos? da Laje;25
S?o Jos? da Lapa;13
S?o Jos? da Safira;3
S?o Jos? da Tapera;28
S?o Jos? da Varginha;7
S?o Jos? da Vit?ria;7
S?o Jos? das Miss?es;4
S?o Jos? das Palmeiras;2
S?o Jos? de Caiana;10
S?o Jos? de Espinharas;5
S?o Jos? de Mipibu;26
S?o Jos? de Piranhas;17
S?o Jos? de Princesa;5
S?o Jos? de Ribamar;103
S?o Jos? de Ub?;6
S?o Jos? do Alegre;2
S?o Jos? do Barreiro;6
S?o Jos? do Belmonte;20
S?o Jos? do Bonfim;5
S?o Jos? do Brejo do Cruz;4
S?o Jos? do Cal?ado;11
S?o Jos? do Campestre;11
S?o Jos? do Cedro;11
S?o Jos? do Cerrito;15
S?o Jos? do Divino;9
S?o Jos? do Egito;21
S?o Jos? do Goiabal;2
S?o Jos? do Herval;2
S?o Jos? do Hort?ncio;4
S?o Jos? do Inhacor?;4
S?o Jos? do Jacuri;3
S?o Jos? do Jacu?pe;16
S?o Jos? do Mantimento;6
S?o Jos? do Norte;13
S?o Jos? do Ouro;6
S?o Jos? do Peixe;6
S?o Jos? do Piau?;12
S?o Jos? do Povo;2
S?o Jos? do Rio Claro;7
S?o Jos? do Rio Pardo;21
S?o Jos? do Rio Preto;127
S?o Jos? do Sabugi;7
S?o Jos? do Serid?;3
S?o Jos? do Sul;2
S?o Jos? do Vale do Rio Preto;13
S?o Jos? do Xingu;3
S?o Jos? dos Ausentes;6
S?o Jos? dos Bas?lios;12
S?o Jos? dos Campos;128
S?o Jos? dos Cordeiros;11
S?o Jos? dos Pinhais;106
S?o Jos? dos Quatro Marcos;7
S?o Jos? dos Ramos;7
S?o Jo?o;40
S?o Jo?o Batista;85
S?o Jo?o Batista do Gl?ria;3
S?o Jo?o Evangelista;7
S?o Jo?o Nepomuceno;20
S?o Jo?o d'Alian?a;9
S?o Jo?o da Baliza;8
S?o Jo?o da Barra;38
S?o Jo?o da Boa Vista;34
S?o Jo?o da Canabrava;4
S?o Jo?o da Fronteira;5
S?o Jo?o da Lagoa;3
S?o Jo?o da Mata;2
S?o Jo?o da Para?na;1
S?o Jo?o da Ponta;12
S?o Jo?o da Ponte;30
S?o Jo?o da Serra;9
S?o Jo?o da Urtiga;2
S?o Jo?o da Varjota;6
S?o Jo?o das Duas Pontes;2
S?o Jo?o das Miss?es;4
S?o Jo?o de Iracema;2
S?o Jo?o de Meriti;65
S?o Jo?o de Pirabas;33
S?o Jo?o del Rei;20
S?o Jo?o do Araguaia;29
S?o Jo?o do Arraial;16
S?o Jo?o do Caiu?;4
S?o Jo?o do Cariri;8
S?o Jo?o do Car?;33
S?o Jo?o do Itaperi?;5
S?o Jo?o do Iva?;9
S?o Jo?o do Jaguaribe;5
S?o Jo?o do Manhua?u;8
S?o Jo?o do Manteninha;3
S?o Jo?o do Oeste;7
S?o Jo?o do Oriente;4
S?o Jo?o do Pacu?;6
S?o Jo?o do Para?so;42
S?o Jo?o do Pau d'Alho;2
S?o Jo?o do Piau?;9
S?o Jo?o do Pol?sine;4
S?o Jo?o do Rio do Peixe;13
S?o Jo?o do Sabugi;2
S?o Jo?o do Soter;61
S?o Jo?o do Sul;6
S?o Jo?o do Tigre;8
S?o Jo?o do Triunfo;10
S?o Jo?o dos Patos;28
S?o Juli?o;7
S?o Leopoldo;51
S?o Louren?o;11
S?o Louren?o da Mata;44
S?o Louren?o da Serra;13
S?o Louren?o do Oeste;13
S?o Louren?o do Piau?;9
S?o Louren?o do Sul;23
S?o Ludgero;6
S?o Luis do Piau?;7
S?o Luiz;7
S?o Luiz Gonzaga;22
S?o Luiz do Norte;3
S?o Luiz do Paraitinga;8
S?o Lu?s;198
S?o Lu?s Gonzaga do Maranh?o;74
S?o Lu?s de Montes Belos;20
S?o Lu?s do Curu;12
S?o Lu?s do Quitunde;31
S?o Mamede;8
S?o Manoel do Paran?;2
S?o Manuel;12
S?o Marcos;9
S?o Martinho;9
S?o Martinho da Serra;3
S?o Mateus;107
S?o Mateus do Maranh?o;53
S?o Mateus do Sul;35
S?o Miguel;18
S?o Miguel Arcanjo;19
S?o Miguel da Baixa Grande;4
S?o Miguel da Boa Vista;3
S?o Miguel das Matas;16
S?o Miguel das Miss?es;8
S?o Miguel de Taipu;13
S?o Miguel do Aleixo;8
S?o Miguel do Anta;4
S?o Miguel do Araguaia;12
S?o Miguel do Fidalgo;4
S?o Miguel do Gostoso;18
S?o Miguel do Guam?;81
S?o Miguel do Guapor?;12
S?o Miguel do Igua?u;19
S?o Miguel do Oeste;23
S?o Miguel do Passa Quatro;4
S?o Miguel do Tapuio;26
S?o Miguel do Tocantins;15
S?o Miguel dos Campos;21
S?o Miguel dos Milagres;12
S?o Nicolau;4
S?o Patr?cio;2
S?o Paulo;1572
S?o Paulo das Miss?es;5
S?o Paulo de Oliven?a;74
S?o Paulo do Potengi;10
S?o Pedro;30
S?o Pedro da Aldeia;42
S?o Pedro da Cipa;2
S?o Pedro da Serra;3
S?o Pedro da Uni?o;3
S?o Pedro da ?gua Branca;11
S?o Pedro das Miss?es;3
S?o Pedro de Alc?ntara;4
S?o Pedro do Buti?;2
S?o Pedro do Igua?u;6
S?o Pedro do Iva?;6
S?o Pedro do Paran?;4
S?o Pedro do Piau?;9
S?o Pedro do Sua?u?;5
S?o Pedro do Sul;10
S?o Pedro do Turvo;7
S?o Pedro dos Crentes;5
S?o Pedro dos Ferros;4
S?o Rafael;8
S?o Raimundo Nonato;19
S?o Raimundo das Mangabeiras;24
S?o Raimundo do Doca Bezerra;14
S?o Roberto;14
S?o Rom?o;6
S?o Roque;50
S?o Roque de Minas;5
S?o Roque do Cana?;6
S?o Salvador do Tocantins;4
S?o Sebasti?o;81
S?o Sebasti?o da Amoreira;3
S?o Sebasti?o da Bela Vista;5
S?o Sebasti?o da Boa Vista;41
S?o Sebasti?o da Grama;6
S?o Sebasti?o da Vargem Alegre;4
S?o Sebasti?o de Lagoa de Ro?a;17
S?o Sebasti?o do Alto;11
S?o Sebasti?o do Anta;4
S?o Sebasti?o do Ca?;20
S?o Sebasti?o do Maranh?o;13
S?o Sebasti?o do Oeste;4
S?o Sebasti?o do Para?so;22
S?o Sebasti?o do Pass?;32
S?o Sebasti?o do Rio Preto;1
S?o Sebasti?o do Rio Verde;2
S?o Sebasti?o do Tocantins;5
S?o Sebasti?o do Uatum?;21
S?o Sebasti?o do Umbuzeiro;3
S?o Sep?;13
S?o Sim?o;18
S?o Tiago;5
S?o Tom?;15
S?o Tom? das Letras;4
S?o Tom?s de Aquino;3
S?o Valentim;3
S?o Valentim do Sul;2
S?o Val?rio;4
S?o Val?rio do Sul;3
S?o Vendelino;3
S?o Vicente;106
S?o Vicente Ferrer;43
S?o Vicente F?rrer;8
S?o Vicente de Minas;2
S?o Vicente do Serid?;14
S?o Vicente do Sul;6
S?rio;2
S?tio Novo;31
S?tio Novo do Tocantins;11
S?tio d'Abadia;4
S?tio do Mato;26
S?tio do Quinto;24
S?tiro Dias;31
Tabapor?;6
Tabapu?;7
Tabatinga;58
Taba?;7
Tabira;19
Tabocas do Brejo Velho;32
Taboc?o;2
Taboleiro Grande;3
Tabo?o da Serra;60
Tabuleiro;1
Tabuleiro do Norte;16
Tacaimb?;11
Tacaratu;20
Taciba;4
Tacima;14
Tacuru;4
Taguatinga;9
Tagua?;9
Taia?u;5
Tail?ndia;67
Taiobeiras;10
Taipas do Tocantins;2
Taipu;16
Tai?;11
Tai?va;4
Talism?;5
Tamandar?;25
Tamarana;4
Tamba?;13
Tamboara;2
Tamboril;32
Tamboril do Piau?;5
Tanabi;11
Tangar?;16
Tangar? da Serra;36
Tangu?;19
Tanha?u;24
Tanque Novo;21
Tanque d'Arca;8
Tanque do Piau?;7
Tanquinho;7
Taparuba;5
Tapau?;78
Tapejara;20
Tapera;8
Tapero?;65
Tapes;8
Tapira;9
Tapiramut?;20
Tapiratiba;10
Tapira?;9
Tapurah;6
Taquara;36
Taquaral;3
Taquaral de Goi?s;1
Taquarana;21
Taquara?u de Minas;3
Taquari;13
Taquaritinga;33
Taquaritinga do Norte;9
Taquarituba;10
Taquariva?;5
Taquarussu;2
Taquaru?u do Sul;2
Tarabai;3
Tarauac?;41
Tarrafas;8
Tartarugalzinho;20
Tarumirim;13
Tarum?;8
Tasso Fragoso;11
Tatu?;75
Taubat?;125
Tau?;46
Tavares;16
Tef?;86
Teixeira;15
Teixeira Soares;9
Teixeira de Freitas;73
Teixeiras;9
Teixeir?polis;4
Tejup?;8
Teju?uoca;34
Telha;4
Tel?maco Borba;39
Tenente Ananias;16
Tenente Laurentino Cruz;4
Tenente Portela;10
Ten?rio;2
Teodoro Sampaio;21
Teofil?ndia;24
Teol?ndia;22
Teot?nio Vilela;40
Terenos;10
Teresina;318
Teresina de Goi?s;3
Teres?polis;92
Terezinha;13
Terez?polis de Goi?s;6
Terra Alta;14
Terra Boa;10
Terra Nova;24
Terra Nova do Norte;7
Terra Rica;9
Terra Roxa;16
Terra Santa;26
Terra de Areia;6
Tesouro;2
Teut?nia;18
Te?filo Otoni;58
Theobroma;7
Tiangu?;57
Tibagi;10
Tibau;4
Tibau do Sul;9
Tiet?;30
Tigrinhos;3
Tijucas;24
Tijucas do Sul;15
Timba?ba;26
Timba?ba dos Batistas;2
Timbiras;52
Timburi;2
Timb?;29
Timb? Grande;6
Timb? do Sul;4
Timon;148
Tim?teo;18
Tio Hugo;5
Tiradentes;8
Tiradentes do Sul;5
Tiros;5
Tobias Barreto;31
Tocantins;6
Tocantin?polis;15
Tocant?nia;6
Tocos do Moji;4
Toledo;68
Tomar do Geru;21
Tomazina;7
Tombos;7
Tom?-A?u;100
Tonantins;60
Toritama;16
Torixor?u;3
Toropi;3
Torre de Pedra;2
Torres;17
Torrinha;4
Touros;35
Trabiju;2
Tracuateua;59
Tracunha?m;9
Traipu;47
Trairi;47
Trair?o;20
Trajano de Moraes;15
Tramanda?;20
Travesseiro;2
Tremedal;29
Trememb?;18
Treviso;3
Treze T?lias;6
Treze de Maio;8
Trindade;56
Trindade do Sul;5
Triunfo;45
Triunfo Potiguar;4
Trizidela do Vale;21
Trombas;2
Trombudo Central;10
Tr?s Arroios;2
Tr?s Barras;12
Tr?s Barras do Paran?;7
Tr?s Cachoeiras;5
Tr?s Cora??es;19
Tr?s Coroas;16
Tr?s Forquilhas;5
Tr?s Fronteiras;2
Tr?s Lagoas;37
Tr?s Marias;18
Tr?s Palmeiras;4
Tr?s Passos;18
Tr?s Pontas;18
Tr?s Ranchos;2
Tr?s Rios;36
Tr?s de Maio;16
Tubar?o;46
Tucano;55
Tucum?;17
Tucunduva;2
Tucuru?;44
Tufil?ndia;15
Tuiuti;5
Tumiritinga;5
Tunas;8
Tunas do Paran?;4
Tuneiras do Oeste;8
Tuntum;58
Tun?polis;4
Tupaciguara;10
Tupanatinga;26
Tupanci do Sul;2
Tupanciret?;19
Tupandi;4
Tuparendi;4
Tuparetama;6
Tupi Paulista;4
Tupirama;2
Tupiratins;3
Tup?;19
Tup?ssi;6
Turia?u;95
Turil?ndia;70
Turi?ba;2
Turmalina;19
Tururu;21
Turu?u;2
Turvel?ndia;4
Turvo;22
Turvol?ndia;2
Turv?nia;1
Tut?ia;75
Uarini;39
Uau?;28
Ubaitaba;27
Ubajara;30
Ubaporanga;9
Ubarana;5
Ubatuba;48
Ubat?;25
Uba?;13
Uba?ra;39
Uberaba;61
Uberl?ndia;120
Ubirajara;4
Ubirat?;15
Ubiretama;2
Ub?;27
Uchoa;7
Uiba?;17
Uiramut?;45
Uirapuru;3
Uira?na;19
Ulian?polis;34
Umari;10
Umarizal;15
Umba?ba;20
Umburanas;10
Umburatiba;2
Umbuzeiro;20
Umirim;17
Umuarama;40
Una;27
Una?;27
Uniflor;2
Unistalda;2
Uni?o;59
Uni?o Paulista;1
Uni?o da Serra;1
Uni?o da Vit?ria;38
Uni?o de Minas;2
Uni?o do Oeste;2
Uni?o do Sul;2
Uni?o dos Palmares;25
Upanema;9
Urandi;17
Ura?;9
Urbano Santos;61
Uru;2
Uruana;5
Uruana de Minas;4
Uruar?;76
Urua?u;15
Urubici;13
Uruburetama;26
Urucar?;32
Urucuia;8
Urucurituba;26
Uruc?nia;4
Uruguaiana;33
Uruoca;14
Urupema;3
Urup?;7
Urup?s;7
Urussanga;13
Uruta?;2
Uru?uca;32
Uru?u?;22
Ur?nia;2
Utinga;21
Vacaria;28
Vale Real;5
Vale Verde;4
Vale de S?o Domingos;3
Vale do Anari;4
Vale do Para?so;4
Vale do Sol;8
Valente;31
Valentim Gentil;2
Valen?a;187
Valen?a do Piau?;17
Valinhos;48
Valpara?so;11
Valpara?so de Goi?s;49
Vanini;2
Vargem;11
Vargem Alegre;2
Vargem Alta;19
Vargem Bonita;7
Vargem Grande;75
Vargem Grande Paulista;23
Vargem Grande do Rio Pardo;5
Vargem Grande do Sul;13
Varge?o;4
Varginha;34
Varjota;22
Varj?o;2
Varj?o de Minas;5
Varre-Sai;15
Varzedo;10
Varzel?ndia;23
Vassouras;19
Vazante;12
Venda Nova do Imigrante;13
Venha-Ver;14
Ventania;8
Venturosa;24
Ven?ncio Aires;33
Vera;6
Vera Cruz;77
Vera Cruz do Oeste;5
Vera Mendes;7
Veran?polis;10
Verdejante;11
Verdel?ndia;12
Vereda;13
Veredinha;5
Vermelho Novo;2
Vertente do L?rio;12
Vertentes;13
Ver?;6
Ver?ssimo;2
Vespasiano;38
Vespasiano Corr?a;2
Viadutos;2
Viam?o;62
Viana;134
Vian?polis;7
Vicente Dutra;5
Vicentina;3
Vicentin?polis;4
Victor Graeff;4
Vic?ncia;18
Vidal Ramos;8
Videira;28
Vieiras;4
Vieir?polis;9
Vigia;72
Vila Bela da Sant?ssima Trindade;17
Vila Boa;6
Vila Flor;4
Vila Flores;2
Vila L?ngaro;2
Vila Maria;2
Vila Nova do Piau?;4
Vila Nova do Sul;2
Vila Nova dos Mart?rios;10
Vila Pav?o;20
Vila Prop?cio;5
Vila Rica;13
Vila Val?rio;18
Vila Velha;101
Vilhena;30
Vinhedo;36
Viradouro;15
Virgem da Lapa;10
Virgin?polis;5
Virgol?ndia;3
Virg?nia;8
Virmond;2
Visconde do Rio Branco;17
Viseu;125
Vista Alegre;3
Vista Alegre do Alto;3
Vista Alegre do Prata;2
Vista Ga?cha;3
Vista Serrana;6
Vitor Meireles;6
Vitorino;4
Vitorino Freire;53
Vit?ria;102
Vit?ria Brasil;2
Vit?ria da Conquista;160
Vit?ria das Miss?es;3
Vit?ria de Santo Ant?o;61
Vit?ria do Jari;24
Vit?ria do Mearim;56
Vit?ria do Xingu;24
Vi?osa;44
Vi?osa do Cear?;69
Volta Grande;5
Volta Redonda;96
Votorantim;55
Votuporanga;31
V?rzea;9
V?rzea Alegre;29
V?rzea Branca;8
V?rzea Grande;90
V?rzea Nova;10
V?rzea Paulista;31
V?rzea da Palma;19
V?rzea da Ro?a;16
V?rzea do Po?o;9
Wagner;9
Wall Ferraz;4
Wanderley;25
Wanderl?ndia;9
Wenceslau Braz;10
Wenceslau Guimar?es;52
Westf?lia;4
Witmarsum;4
Xambio?;8
Xambr?;6
Xangri-l?;8
Xanxer?;24
Xapuri;25
Xavantina;4
Xaxim;15
Xex?u;15
Xinguara;29
Xique-Xique;123
Zabel?;2
Zacarias;2
Zort?a;2
Z? Doca;79
?bidos;89
?gua Azul do Norte;11
?gua Boa;29
?gua Branca;41
?gua Clara;7
?gua Comprida;1
?gua Doce;8
?gua Doce do Maranh?o;29
?gua Doce do Norte;10
?gua Fria;18
?gua Fria de Goi?s;3
?gua Limpa;2
?gua Nova;3
?gua Preta;37
?gua Santa;2
?guas Belas;20
?guas Formosas;15
?guas Frias;4
?guas Lindas de Goi?s;47
?guas Mornas;3
?guas Vermelhas;12
?guas da Prata;6
?guas de Chapec?;6
?guas de Lind?ia;15
?guas de Santa B?rbara;3
?guas de S?o Pedro;2
?guia Branca;9
?leo;4
?lvares Florence;3
?lvares Machado;12
?lvaro de Carvalho;2
?ngulo;2
?rico Cardoso;32
?urea;2
